trt,loop2$my_var,std,r,se,Min,Max,Q25,Q50,Q75,FQS_mean,stat_grp,practice_subset,practice,production_type,product_name,FQS,max_value,stat_grp_conv,conv_mean,stat_grp_conv_diff,mean_conv_diff,pval
Autres cereales:AB,0.111579058270123,0.0394816186783799,40,0.012293857986396,0.0575436606272772,0.224358442409452,0.0856564218551803,0.103247183031226,0.137309145982604,0.111579058270123,de,BVI,BVI_ha,crop,Autres cereales,AB,0.500000028958637,c,0.182429129971823,TRUE,-38.837038642153,0
Autres cereales:Conventionnel,0.182429129971823,0.0763877475253604,172,0.00592862477072185,0.063510313523751,0.451428591954065,0.127395343241988,0.170588924779957,0.209275934656319,0.182429129971823,c,BVI,BVI_ha,crop,Autres cereales,Conventionnel,0.500000028958637,c,0.182429129971823,FALSE,0,NA
Ble tendre:AB,0.111164932559763,0.0448074705730281,81,0.00863924277059168,0.0577263670307231,0.289761085752458,0.0830887025550822,0.094118588941573,0.125545601924287,0.111164932559763,e,BVI,BVI_ha,crop,Ble tendre,AB,0.500000028958637,b,0.22397949276573,TRUE,-50.3682541704678,0
Ble tendre:Conventionnel,0.22397949276573,0.0800802159117838,3124,0.0013911138518854,0.0550859812916545,0.500000028958637,0.168696154078742,0.206667302763516,0.269424428624512,0.22397949276573,b,BVI,BVI_ha,crop,Ble tendre,Conventionnel,0.500000028958637,b,0.22397949276573,FALSE,0,NA
Ble tendre:LR,0.230290356790979,0.0637013622421839,97,0.00789463981510074,0.140504777016804,0.384432880009243,0.180248601034483,0.210286037275087,0.270456165879153,0.230290356790979,ab,BVI,BVI_ha,crop,Ble tendre,LR,0.500000028958637,b,0.22397949276573,FALSE,2.81760796371207,0.9995
Maïs grain:AB,0.138821645595085,0.0407325994297885,33,0.0135350921766313,0.0707480899024121,0.247520443629366,0.1163021261425,0.13062724368454,0.164196372621919,0.138821645595085,de,BVI,BVI_ha,crop,Maïs grain,AB,0.500000028958637,a,0.24228848652483,TRUE,-42.7039858202843,0
Maïs grain:Conventionnel,0.24228848652483,0.0809677523991429,1641,0.00191939295825698,0.0899746548007804,0.490061186094257,0.179564035600372,0.224063271022879,0.288761416884973,0.24228848652483,a,BVI,BVI_ha,crop,Maïs grain,Conventionnel,0.500000028958637,a,0.24228848652483,FALSE,0,NA
Melange cereales d'ete:AB,0.100015369902137,0.0273223440525319,42,0.0119975769057427,0.058102896153298,0.192134356780873,0.0819233757726053,0.0919339684439583,0.119414034406653,0.100015369902137,e,BVI,BVI_ha,crop,Melange cereales d'ete,AB,0.500000028958637,d,0.14969415861928,TRUE,-33.1868585757524,0.0154
Melange cereales d'ete:Conventionnel,0.14969415861928,0.0589491822452241,124,0.00698244213192637,0.0586574720086283,0.378887688082306,0.109742330314844,0.141819035522862,0.174907087993394,0.14969415861928,d,BVI,BVI_ha,crop,Melange cereales d'ete,Conventionnel,0.500000028958637,d,0.14969415861928,FALSE,0,NA
Triticale:AB,0.10635375255692,0.0423230810219389,36,0.0129588641558875,0.0576495683229472,0.238235870486259,0.0787470651302812,0.0942415411434856,0.122578725694241,0.10635375255692,e,BVI,BVI_ha,crop,Triticale,AB,0.500000028958637,c,0.189023035486265,TRUE,-43.7350308742406,0
Triticale:Conventionnel,0.189023035486265,0.0739799896373008,763,0.00281485429032062,0.0613002539189477,0.466970816481069,0.139033950934285,0.176488353191824,0.223593763794012,0.189023035486265,c,BVI,BVI_ha,crop,Triticale,Conventionnel,0.500000028958637,c,0.189023035486265,FALSE,0,NA
AB,0.0935407521318799,0.0185323965843486,59,0.00444782432084509,0.0568412013132092,0.150875339138111,0.0825899842577806,0.0941748350656324,0.104395619735475,0.0935407521318799,d,BVI,BVI_ha,milk,AB,AB,0.271137780991464,a,0.169388399893028,TRUE,-44.7773565421523,0
AOP - AOC,0.155688077218499,0.0379614571255786,39,0.00547068019526791,0.0741913559840486,0.271137780991464,0.131344987939552,0.155503213677111,0.180892724573103,0.155688077218499,ab,BVI,BVI_ha,milk,AOP - AOC,AOP - AOC,0.271137780991464,a,0.169388399893028,FALSE,-8.08811151364592,0.2182
Beurre de Charentes-Poitou,0.169916878996856,0.0350689167979069,60,0.00441060337927622,0.0751213610843369,0.251161686923533,0.154053244974968,0.173372795889079,0.189283204948637,0.169916878996856,a,BVI,BVI_ha,milk,Beurre de Charentes-Poitou,Beurre de Charentes-Poitou,0.271137780991464,a,0.169388399893028,FALSE,0.31199250017253,1
Bleu d'Auvergne - Cantal,0.136470233663814,0.0313561344272389,43,0.00521002015386221,0.06118362438,0.184549893255015,0.11575247986411,0.142570114589736,0.158569406813385,0.136470233663814,bc,BVI,BVI_ha,milk,Bleu d'Auvergne - Cantal,Bleu d'Auvergne - Cantal,0.271137780991464,a,0.169388399893028,TRUE,-19.4335422319367,0
Comte - Morbier,0.124786679333308,0.0228311738525847,41,0.00533558082000032,0.0414038448435057,0.160051401845871,0.112774657337343,0.122954498959774,0.142375519525786,0.124786679333308,c,BVI,BVI_ha,milk,Comte - Morbier,Comte - Morbier,0.271137780991464,a,0.169388399893028,TRUE,-26.3310360023982,0
Conventionnel,0.169388399893028,0.0353875130039589,879,0.00115233616899212,0.0570241863203906,0.263435096107847,0.146571465771196,0.172951011169851,0.193101268918231,0.169388399893028,a,BVI,BVI_ha,milk,Conventionnel,Conventionnel,0.271137780991464,a,0.169388399893028,FALSE,0,NA
Fromages de Savoie,0.138817911630073,0.0305825333761264,30,0.00623753511722103,0.059096146122775,0.198651143086167,0.127599057249631,0.140265243641421,0.158499254571767,0.138817911630073,bc,BVI,BVI_ha,milk,Fromages de Savoie,Fromages de Savoie,0.271137780991464,a,0.169388399893028,TRUE,-18.0475689493851,0
Munster,0.159008823474085,0.0338764505789183,38,0.00554219539000321,0.0646484847797136,0.232135673133719,0.144958996114706,0.163702584697064,0.181373517894719,0.159008823474085,ab,BVI,BVI_ha,milk,Munster,Munster,0.271137780991464,a,0.169388399893028,FALSE,-6.12767841569884,0.5971
Autres cereales:AB,6.99296627161486e-05,9.10748202232788e-05,40,1.15422309009926e-05,2.08602155785583e-05,0.00041566997092287,2.82952084668502e-05,3.58354609781711e-05,5.87028741497002e-05,6.99296627161486e-05,ab,BVI,BVI_kg,crop,Autres cereales,AB,0.00488032629182717,a,0.000106585772090662,FALSE,-34.3911843536992,0.1361
Autres cereales:Conventionnel,0.000106585772090662,0.000126149467314338,172,5.56615800383723e-06,1.32325292340561e-05,0.00073207236129323,3.61704668991933e-05,5.95370988576664e-05,0.000104101929177362,0.000106585772090662,a,BVI,BVI_kg,crop,Autres cereales,Conventionnel,0.00488032629182717,a,0.000106585772090662,FALSE,0,NA
Ble tendre:AB,4.14701554970735e-05,2.53069551177567e-05,81,8.11105309482537e-06,8.27734115621008e-06,0.00013098915776484,2.70458764906959e-05,3.42457695032521e-05,4.94371858255019e-05,4.14701554970735e-05,b,BVI,BVI_kg,crop,Ble tendre,AB,0.00488032629182717,b,4.00696005383549e-05,FALSE,3.49530551815189,1
Ble tendre:Conventionnel,4.00696005383549e-05,9.10528995885713e-05,3124,1.30606334527358e-06,9.50424747932846e-06,0.00488032629182717,2.59553539387371e-05,3.3450312784989e-05,4.42278669088721e-05,4.00696005383549e-05,b,BVI,BVI_kg,crop,Ble tendre,Conventionnel,0.00488032629182717,b,4.00696005383549e-05,FALSE,0,NA
Ble tendre:LR,3.95298885622205e-05,1.63617730216571e-05,97,7.4119739895235e-06,1.55435345581489e-05,0.00013310956497171,2.90993698652866e-05,3.68103900087837e-05,4.67447411442378e-05,3.95298885622205e-05,b,BVI,BVI_kg,crop,Ble tendre,LR,0.00488032629182717,b,4.00696005383549e-05,FALSE,-1.34693625312742,1
Maïs grain:AB,3.65947758137932e-05,1.77345487274287e-05,33,1.27075779907147e-05,1.01959086571257e-05,8.02727689832933e-05,2.44573448340697e-05,3.0552336888968e-05,4.98105124077154e-05,3.65947758137932e-05,b,BVI,BVI_kg,crop,Maïs grain,AB,0.00488032629182717,b,3.97460639565465e-05,FALSE,-7.92855399769526,1
Maïs grain:Conventionnel,3.97460639565465e-05,4.1039307751065e-05,1641,1.80204430036987e-06,8.41334380026635e-06,0.00122550045240648,2.44312167167336e-05,3.28645791658053e-05,4.43931716548903e-05,3.97460639565465e-05,b,BVI,BVI_kg,crop,Maïs grain,Conventionnel,0.00488032629182717,b,3.97460639565465e-05,FALSE,0,NA
Melange cereales d'ete:AB,3.75413716942653e-05,2.03228216920072e-05,42,1.12640639782675e-05,1.28947448901219e-05,0.00010292103234029,2.44810701830687e-05,3.02248241707612e-05,4.54631295789367e-05,3.75413716942653e-05,b,BVI,BVI_kg,crop,Melange cereales d'ete,AB,0.00488032629182717,b,4.21437682404946e-05,FALSE,-10.9207048595313,1
Melange cereales d'ete:Conventionnel,4.21437682404946e-05,2.68900566195902e-05,124,6.55554663383093e-06,1.30172647345412e-05,0.0001720371923693,2.85521838627599e-05,3.51242216998101e-05,4.71764094856065e-05,4.21437682404946e-05,b,BVI,BVI_kg,crop,Melange cereales d'ete,Conventionnel,0.00488032629182717,b,4.21437682404946e-05,FALSE,0,NA
Triticale:AB,3.84749174670777e-05,2.43685220042033e-05,36,1.2166579642238e-05,1.67711138987746e-05,0.00014194901313946,2.30454476750333e-05,3.07463008072188e-05,4.14232777086472e-05,3.84749174670777e-05,b,BVI,BVI_kg,crop,Triticale,AB,0.00488032629182717,b,4.65386924639415e-05,FALSE,-17.3270338506214,0.9999
Triticale:Conventionnel,4.65386924639415e-05,3.27660820877888e-05,763,2.6427585390593e-06,1.00279455553864e-05,0.00040426347644809,2.94991937942116e-05,3.91371071963976e-05,5.27853237834143e-05,4.65386924639415e-05,b,BVI,BVI_kg,crop,Triticale,Conventionnel,0.00488032629182717,b,4.65386924639415e-05,FALSE,0,NA
AB,6.03975574320913e-05,6.40279936225272e-05,59,2.94620329112067e-06,1.23983165638332e-05,0.00047633400968696,3.27019590473891e-05,4.38006235710574e-05,6.80872328990906e-05,6.03975574320913e-05,a,BVI,BVI_kg,milk,AB,AB,0.00047633400968696,a,6.07980350298002e-05,FALSE,-0.6587015476941,1
AOP - AOC,5.98721288897411e-05,9.63778220571874e-06,39,3.62373484951505e-06,4.24694984382352e-05,8.2317888059309e-05,5.39957685593217e-05,5.79766493724283e-05,6.46087497134485e-05,5.98721288897411e-05,a,BVI,BVI_kg,milk,AOP - AOC,AOP - AOC,0.00047633400968696,a,6.07980350298002e-05,FALSE,-1.52292115954955,1
Beurre de Charentes-Poitou,6.25279449836625e-05,1.44747100598185e-05,60,2.92154843682822e-06,3.2969623928434e-05,0.00010856443269237,5.23209575756167e-05,6.17555267966144e-05,7.22253825356948e-05,6.25279449836625e-05,a,BVI,BVI_kg,milk,Beurre de Charentes-Poitou,Beurre de Charentes-Poitou,0.00047633400968696,a,6.07980350298002e-05,FALSE,2.84533859196991,0.9992
Bleu d'Auvergne - Cantal,6.03423331428315e-05,1.29312276820732e-05,43,3.45107572081385e-06,3.86039404951344e-05,9.78481170126694e-05,5.01973704325692e-05,5.99115901815752e-05,6.78417181113664e-05,6.03423331428315e-05,a,BVI,BVI_kg,milk,Bleu d'Auvergne - Cantal,Bleu d'Auvergne - Cantal,0.00047633400968696,a,6.07980350298002e-05,FALSE,-0.749533906392453,1
Comte - Morbier,6.31280337340339e-05,1.45944062185066e-05,41,3.53424610280887e-06,1.90851493762883e-05,9.99095305332722e-05,5.74513759174816e-05,6.29857018879563e-05,6.95744379942745e-05,6.31280337340339e-05,a,BVI,BVI_kg,milk,Comte - Morbier,Comte - Morbier,0.00047633400968696,a,6.07980350298002e-05,FALSE,3.83235856733138,0.9982
Conventionnel,6.07980350298002e-05,1.89902264369071e-05,879,7.632982709436e-07,1.38656182908805e-05,0.00025316698501158,4.91004614110863e-05,5.82823598598999e-05,6.98972617181099e-05,6.07980350298002e-05,a,BVI,BVI_kg,milk,Conventionnel,Conventionnel,0.00047633400968696,a,6.07980350298002e-05,FALSE,0,NA
Fromages de Savoie,6.29922029748945e-05,1.9268488478603e-05,30,4.13169342249239e-06,2.67490074390751e-05,0.00010623168678513,4.84375996945287e-05,6.63834368083212e-05,7.7278241730062e-05,6.29922029748945e-05,a,BVI,BVI_kg,milk,Fromages de Savoie,Fromages de Savoie,0.00047633400968696,a,6.07980350298002e-05,FALSE,3.6089454930884,0.9995
Munster,6.56313788590428e-05,1.4898425774439e-05,38,3.67110594308698e-06,2.19599847875383e-05,9.88837592360766e-05,5.41173910153927e-05,6.59669062389825e-05,7.4373882993875e-05,6.56313788590428e-05,a,BVI,BVI_kg,milk,Munster,Munster,0.00047633400968696,a,6.07980350298002e-05,FALSE,7.94983559398508,0.903
Autres cereales:AB,47.2679116533837,47.7436759194315,40,8.24100213428884,0,216.984643179765,16.9686923352008,29.2643509568682,56.550008854289,47.2679116533837,bc,practice_crops,A.3.1_max,crop,Autres cereales,AB,246.166070798635,bc,47.5400480175618,FALSE,-0.572436031359379,1
Autres cereales:Conventionnel,47.5400480175618,51.1340859988784,172,3.97416412675184,0,229.068824638592,7.83694470489939,32.8307561967958,70.2768450095529,47.5400480175618,bc,practice_crops,A.3.1_max,crop,Autres cereales,Conventionnel,246.166070798635,bc,47.5400480175618,FALSE,0,NA
Ble tendre:AB,51.2426381300676,59.8282309015976,81,5.791185988147,0,246.166070798635,9.39886187273668,31.5925453966231,67.8385329840438,51.2426381300676,bc,practice_crops,A.3.1_max,crop,Ble tendre,AB,246.166070798635,b,60.5662536330094,FALSE,-15.394076641155,0.8871
Ble tendre:Conventionnel,60.5662536330094,52.91677476763,3124,0.932512172754258,0,246.166070798635,21.7372209805067,49.2468469821932,86.1415954437333,60.5662536330094,b,practice_crops,A.3.1_max,crop,Ble tendre,Conventionnel,246.166070798635,b,60.5662536330094,FALSE,0,NA
Ble tendre:LR,61.8622197943781,49.0789441422445,97,5.29205263617655,0,237.154904126092,27.8029529783007,51.1505016722408,88.1435594886922,61.8622197943781,ab,practice_crops,A.3.1_max,crop,Ble tendre,LR,246.166070798635,b,60.5662536330094,FALSE,2.13974958600118,1
Maïs grain:AB,59.8025606347381,46.681402738975,33,9.07304473818101,0,216.984643179765,24.8037117538873,55.4041289788027,84.2273948075201,59.8025606347381,bc,practice_crops,A.3.1_max,crop,Maïs grain,AB,246.166070798635,a,65.9897670601827,TRUE,-9.3760088890781,0.9999
Maïs grain:Conventionnel,65.9897670601827,56.1228063081054,1641,1.28663609771955,0,246.166070798635,26.1832760595647,53.8156028368794,90.9415066146726,65.9897670601827,a,practice_crops,A.3.1_max,crop,Maïs grain,Conventionnel,246.166070798635,a,65.9897670601827,FALSE,0,NA
Melange cereales d'ete:AB,31.0015768583546,43.4270523687465,42,8.04239458402149,0,246.166070798635,0.168535866200655,20.7320279051337,41.2312762622041,31.0015768583546,c,practice_crops,A.3.1_max,crop,Melange cereales d'ete,AB,246.166070798635,c,33.1528173943814,FALSE,-6.48886189802792,1
Melange cereales d'ete:Conventionnel,33.1528173943814,37.8995082387279,124,4.68057468822466,0,198.375776397515,0.629265123441932,21.2061054772722,53.101624862589,33.1528173943814,c,practice_crops,A.3.1_max,crop,Melange cereales d'ete,Conventionnel,246.166070798635,c,33.1528173943814,FALSE,0,NA
Triticale:AB,50.7955950752107,49.0649196584628,36,8.68677898222051,0,216.984643179765,21.4424334476329,37.4167424492723,65.5839676095299,50.7955950752107,bc,practice_crops,A.3.1_max,crop,Triticale,AB,246.166070798635,c,40.7782657787632,FALSE,24.5653636934808,0.9892
Triticale:Conventionnel,40.7782657787632,41.5094009786119,763,1.88689508532746,0,246.166070798635,6.4812265048644,31.2509119589865,61.1678739244523,40.7782657787632,c,practice_crops,A.3.1_max,crop,Triticale,Conventionnel,246.166070798635,c,40.7782657787632,FALSE,0,NA
Autres cereales:AB,238.758248055567,165.88340029736,40,23.733248801894,44.8944915582142,759.640919231174,144.553051173948,217.366515306367,309.805215224997,238.758248055567,bc,practice_crops,A.4.5_max,crop,Autres cereales,AB,759.640919231174,c,206.992068661035,FALSE,15.3465683975319,0.982
Autres cereales:Conventionnel,206.992068661035,126.820668186582,172,11.4451888814979,18.6819864716959,759.640919231174,130.046575413893,191.950327528269,258.48896316225,206.992068661035,c,practice_crops,A.4.5_max,crop,Autres cereales,Conventionnel,759.640919231174,c,206.992068661035,FALSE,0,NA
Ble tendre:AB,205.797412064678,194.580035947301,81,16.6780272198772,49.2756231178666,759.640919231174,49.2756231178666,166.528175225284,259.437544111363,205.797412064678,c,practice_crops,A.4.5_max,crop,Ble tendre,AB,759.640919231174,c,236.121094001466,FALSE,-12.8424281892409,0.7834
Ble tendre:Conventionnel,236.121094001466,122.800390044468,3124,2.68554030761472,10.5842660561162,759.640919231174,164.372401879212,220.093403013456,285.650018709882,236.121094001466,c,practice_crops,A.4.5_max,crop,Ble tendre,Conventionnel,759.640919231174,c,236.121094001466,FALSE,0,NA
Ble tendre:LR,234.405882262953,79.7296647733931,97,15.2405738817268,58.7097564933619,493.926380577101,189.739557468442,221.198631479502,261.429547357402,234.405882262953,c,practice_crops,A.4.5_max,crop,Ble tendre,LR,759.640919231174,c,236.121094001466,FALSE,-0.726411905622696,1
Maïs grain:AB,425.518378676904,266.512243564578,33,26.1294469596139,127.4426878009,759.640919231174,127.4426878009,449.268087798556,759.640919231174,425.518378676904,a,practice_crops,A.4.5_max,crop,Maïs grain,AB,759.640919231174,a,364.961249630618,FALSE,16.5927558357433,0.4376
Maïs grain:Conventionnel,364.961249630618,197.983954020136,1641,3.70538122998692,61.0824823782276,759.640919231174,224.430243376869,304.651346249935,446.798909025698,364.961249630618,a,practice_crops,A.4.5_max,crop,Maïs grain,Conventionnel,759.640919231174,a,364.961249630618,FALSE,0,NA
Melange cereales d'ete:AB,251.675684372813,178.333627792251,42,23.161279237074,44.8944915582142,759.640919231174,162.751629454881,205.434972873648,261.314118348396,251.675684372813,bc,practice_crops,A.4.5_max,crop,Melange cereales d'ete,AB,759.640919231174,c,197.335325236511,FALSE,27.5370661949015,0.6294
Melange cereales d'ete:Conventionnel,197.335325236511,89.7012445726736,124,13.4795795221657,55.3334957375705,583.287467103714,138.70214856348,186.36627043583,237.541415232385,197.335325236511,c,practice_crops,A.4.5_max,crop,Melange cereales d'ete,Conventionnel,759.640919231174,c,197.335325236511,FALSE,0,NA
Triticale:AB,207.811946975136,214.302395841967,36,25.0170408298158,45.5863840387558,759.640919231174,45.5863840387558,161.175504441571,217.458172746161,207.811946975136,c,practice_crops,A.4.5_max,crop,Triticale,AB,759.640919231174,b,281.851004355988,TRUE,-26.2688641291262,0.1256
Triticale:Conventionnel,281.851004355988,132.451828770905,763,5.43406612368414,45.2921143980481,759.640919231174,203.762181070429,252.376692623195,323.936792691861,281.851004355988,b,practice_crops,A.4.5_max,crop,Triticale,Conventionnel,759.640919231174,b,281.851004355988,FALSE,0,NA
Autres cereales:AB,0,0,40,11.1960761602148,0,0,0,0,0,0,e,practice_crops,A.4.5_min_max,crop,Autres cereales,AB,269.352906450692,c,125.635450624244,TRUE,-100,0
Autres cereales:Conventionnel,125.635450624244,76.8103414563618,172,5.39922736473685,0,269.352906450692,68.6030114134622,123.405113239328,182.776202554728,125.635450624244,c,practice_crops,A.4.5_min_max,crop,Autres cereales,Conventionnel,269.352906450692,c,125.635450624244,FALSE,0,NA
Ble tendre:AB,0,0,81,7.86780033844244,0,0,0,0,0,0,e,practice_crops,A.4.5_min_max,crop,Ble tendre,AB,269.352906450692,a,174.517632814004,TRUE,-100,0
Ble tendre:Conventionnel,174.517632814004,76.4448581992563,3124,1.26689413937217,0,269.352906450692,121.235318525601,184.15454542997,241.092698074847,174.517632814004,a,practice_crops,A.4.5_min_max,crop,Ble tendre,Conventionnel,269.352906450692,a,174.517632814004,FALSE,0,NA
Ble tendre:LR,192.67405407255,54.6004515952155,97,7.18968681150707,48.1254904372457,269.352906450692,161.068138332789,195.181318367095,228.678579696774,192.67405407255,a,practice_crops,A.4.5_min_max,crop,Ble tendre,LR,269.352906450692,a,174.517632814004,FALSE,10.403774659204,0.3122
Maïs grain:AB,0,0,33,12.3264741639916,0,0,0,0,0,0,e,practice_crops,A.4.5_min_max,crop,Maïs grain,AB,269.352906450692,b,148.826724381163,TRUE,-100,0
Maïs grain:Conventionnel,148.826724381163,70.9482841279487,1641,1.74800048656858,0,269.352906450692,97.9069354571457,153.135959659488,196.376479433838,148.826724381163,b,practice_crops,A.4.5_min_max,crop,Maïs grain,Conventionnel,269.352906450692,b,148.826724381163,FALSE,0,NA
Melange cereales d'ete:AB,0,0,42,10.9262515414909,0,0,0,0,0,0,e,practice_crops,A.4.5_min_max,crop,Melange cereales d'ete,AB,269.352906450692,cd,108.704570243672,TRUE,-100,0
Melange cereales d'ete:Conventionnel,108.704570243672,68.0505025045296,124,6.35894395232543,0,269.352906450692,62.2738542003348,107.438669748091,146.136654922332,108.704570243672,cd,practice_crops,A.4.5_min_max,crop,Melange cereales d'ete,Conventionnel,269.352906450692,cd,108.704570243672,FALSE,0,NA
Triticale:AB,0,0,36,11.8017005076637,0,0,0,0,0,0,e,practice_crops,A.4.5_min_max,crop,Triticale,AB,269.352906450692,d,95.1590570389822,TRUE,-100,0
Triticale:Conventionnel,95.1590570389822,56.4292468704653,763,2.56350146953145,0,269.352906450692,55.5332037737664,88.1644919670759,125.950932892383,95.1590570389822,d,practice_crops,A.4.5_min_max,crop,Triticale,Conventionnel,269.352906450692,d,95.1590570389822,FALSE,0,NA
Autres cereales:AB,239.355648389144,167.838871125214,40,24.1809662915561,44.8944915582142,783.536932574232,144.553051173948,217.366515306367,309.805215224997,239.355648389144,b,practice_crops,A.4.5_org_max,crop,Autres cereales,AB,783.536932574232,c,78.1274458740147,TRUE,206.36563849165,0
Autres cereales:Conventionnel,78.1274458740147,107.643537987667,172,11.6610974272476,10.882197997632,783.536932574232,18.5900110404375,58.0603601903413,85.6784885586734,78.1274458740147,c,practice_crops,A.4.5_org_max,crop,Autres cereales,Conventionnel,783.536932574232,c,78.1274458740147,FALSE,0,NA
Ble tendre:AB,206.97746210631,198.020192457947,81,16.9926510011273,49.2756231178666,783.536932574232,49.2756231178666,166.528175225284,259.437544111363,206.97746210631,b,practice_crops,A.4.5_org_max,crop,Ble tendre,AB,783.536932574232,c,49.9233442041419,TRUE,314.590539567937,0
Ble tendre:Conventionnel,49.9233442041419,97.1130869693076,3124,2.73620186579194,6.19580475943394,783.536932574232,10.5842660561162,28.5995563829824,43.816163058103,49.9233442041419,c,practice_crops,A.4.5_org_max,crop,Ble tendre,Conventionnel,783.536932574232,c,49.9233442041419,FALSE,0,NA
Ble tendre:LR,32.8885419387565,47.2274658826071,97,15.5280807265037,8.56015874767486,297.484737112097,10.5842660561162,10.5842660561162,34.6614983145802,32.8885419387565,c,practice_crops,A.4.5_org_max,crop,Ble tendre,LR,783.536932574232,c,49.9233442041419,FALSE,-34.1219173854384,0.9922
Maïs grain:AB,432.03547322501,275.021246524958,33,26.6223676927453,127.4426878009,783.536932574232,127.4426878009,449.268087798556,783.536932574232,432.03547322501,a,practice_crops,A.4.5_org_max,crop,Maïs grain,AB,783.536932574232,b,222.017747924047,TRUE,94.5950165086849,0
Maïs grain:Conventionnel,222.017747924047,232.567283565854,1641,3.77528164675576,51.9475632637754,783.536932574232,61.0824823782276,126.199754012531,256.803950560176,222.017747924047,b,practice_crops,A.4.5_org_max,crop,Maïs grain,Conventionnel,783.536932574232,b,222.017747924047,FALSE,0,NA
Melange cereales d'ete:AB,253.382542468745,183.3521838412,42,23.5982067678957,44.8944915582142,783.536932574232,162.751629454881,205.434972873648,261.314118348396,253.382542468745,b,practice_crops,A.4.5_org_max,crop,Melange cereales d'ete,AB,783.536932574232,c,87.5261165483175,TRUE,189.493641967845,0
Melange cereales d'ete:Conventionnel,87.5261165483175,58.4316302737268,124,13.7338659688187,18.5900110404375,406.731245316862,56.6197645912882,72.0139390263156,92.3292529500586,87.5261165483175,c,practice_crops,A.4.5_org_max,crop,Melange cereales d'ete,Conventionnel,783.536932574232,c,87.5261165483175,FALSE,0,NA
Triticale:AB,209.139503271972,217.860881722004,36,25.4889765016909,45.5863840387558,783.536932574232,45.5863840387558,161.175504441571,217.458172746161,209.139503271972,b,practice_crops,A.4.5_org_max,crop,Triticale,AB,783.536932574232,b,188.373102838717,FALSE,11.024079404285,0.9994
Triticale:Conventionnel,188.373102838717,131.548299120756,763,5.53657743445588,40.4054460190818,783.536932574232,125.701299961933,161.686653345069,208.40377802038,188.373102838717,b,practice_crops,A.4.5_org_max,crop,Triticale,Conventionnel,783.536932574232,b,188.373102838717,FALSE,0,NA
Autres cereales:AB,2.75694179816897,8.87958865950504,40,9.90524098784225,0,52.3093075643589,0,0,0.455458503584558,2.75694179816897,e,practice_crops,A.5.1_max,crop,Autres cereales,AB,452.767450826648,bc,74.2054372313459,TRUE,-96.2847172646206,0
Autres cereales:Conventionnel,74.2054372313459,53.3517154410841,172,4.77673136825509,0,237.901963492964,29.1318451226773,64.9277247809238,109.989844134521,74.2054372313459,bc,practice_crops,A.5.1_max,crop,Autres cereales,Conventionnel,452.767450826648,bc,74.2054372313459,FALSE,0,NA
Ble tendre:AB,6.51471488906772,15.1842150213008,81,6.96069384320838,0,72.0979164674928,0,0,3.77022796854946,6.51471488906772,e,practice_crops,A.5.1_max,crop,Ble tendre,AB,452.767450826648,a,141.118924179277,TRUE,-95.3835285189735,0
Ble tendre:Conventionnel,141.118924179277,74.4448084322836,3124,1.12082943854551,0,452.767450826648,87.8947608404821,139.820440041406,187.42639216082,141.118924179277,a,practice_crops,A.5.1_max,crop,Ble tendre,Conventionnel,452.767450826648,a,141.118924179277,FALSE,0,NA
Ble tendre:LR,156.580257948336,67.9310548046815,97,6.36076242033374,48.5366437880571,354.784885981415,99.6386440499076,156.193257794356,201.518499588354,156.580257948336,a,practice_crops,A.5.1_max,crop,Ble tendre,LR,452.767450826648,a,141.118924179277,FALSE,10.9562440749736,0.3706
Maïs grain:AB,3.37213626719884,8.09600864016637,33,10.9053114124588,0,34.0618746930709,0,0,1.71586345356603,3.37213626719884,e,practice_crops,A.5.1_max,crop,Maïs grain,AB,452.767450826648,b,85.9419447124681,TRUE,-96.0762625531912,0
Maïs grain:Conventionnel,85.9419447124681,44.8138399160652,1641,1.54646733539147,0,452.767450826648,56.488231867861,82.4542443585639,107.862983431024,85.9419447124681,b,practice_crops,A.5.1_max,crop,Maïs grain,Conventionnel,452.767450826648,b,85.9419447124681,FALSE,0,NA
Melange cereales d'ete:AB,0.901110194158728,2.19633888397988,42,9.66652540260806,0,11.3433724408451,0,0,0.555592450944657,0.901110194158728,e,practice_crops,A.5.1_max,crop,Melange cereales d'ete,AB,452.767450826648,d,39.9318291299905,TRUE,-97.7433786185318,0.0209
Melange cereales d'ete:Conventionnel,39.9318291299905,40.0810411494505,124,5.6257988401141,0,209.446347031963,10.2825988123697,26.7811899640899,59.5193306111708,39.9318291299905,d,practice_crops,A.5.1_max,crop,Melange cereales d'ete,Conventionnel,452.767450826648,d,39.9318291299905,FALSE,0,NA
Triticale:AB,2.93164454919973,8.88856279690285,36,10.4410407648126,0,52.3093075643589,0,0.127765400318845,2.62164873875859,2.93164454919973,e,practice_crops,A.5.1_max,crop,Triticale,AB,452.767450826648,c,65.112482425231,TRUE,-95.4975690681642,0
Triticale:Conventionnel,65.112482425231,55.5259056802623,763,2.26794632914587,0,400.003333333333,22.1481597839783,51.4778481459018,97.5124532474765,65.112482425231,c,practice_crops,A.5.1_max,crop,Triticale,Conventionnel,452.767450826648,c,65.112482425231,FALSE,0,NA
Autres cereales:AB,2764.68313155791,1427.21590275568,40,357.160787701966,249.074074074074,6058.55855855856,2065.20287788437,2692.02898550725,3561.11842105263,2764.68313155791,d,practice_crops,yield,crop,Autres cereales,AB,24156.7441860465,d,3136.41471013263,FALSE,-11.8521181964166,0.9975
Autres cereales:Conventionnel,3136.41471013263,1885.46279567055,172,172.238226230003,197.550375345713,8076.38888888889,1694.81691211524,2940.59498979238,4645.35519125683,3136.41471013263,d,practice_crops,yield,crop,Autres cereales,Conventionnel,24156.7441860465,d,3136.41471013263,FALSE,0,NA
Ble tendre:AB,3361.25446907165,1792.47856841044,81,250.987017786237,843.170320404722,8935.96905887409,2090.59233449477,2964.70588235294,3898.82854100106,3361.25446907165,cd,practice_crops,yield,crop,Ble tendre,AB,24156.7441860465,b,6487.40826955236,TRUE,-48.1880231764173,0
Ble tendre:Conventionnel,6487.40826955236,2144.57963517195,3124,40.4145972462272,51.698670605613,16710.7645174767,4970.66783520407,6460.10039658437,8000.88576417848,6487.40826955236,b,practice_crops,yield,crop,Ble tendre,Conventionnel,24156.7441860465,b,6487.40826955236,FALSE,0,NA
Ble tendre:LR,6323.5071025331,1963.08193705008,97,229.354835406821,2780.20176544767,10799.85813926,4740.66505022515,6159.38141076219,7745.93338497289,6323.5071025331,b,practice_crops,yield,crop,Ble tendre,LR,24156.7441860465,b,6487.40826955236,FALSE,-2.52645062880513,0.9998
Maïs grain:AB,4636.54015507015,2335.35249518,33,393.221085583853,1481.67539267016,9693.84662018793,2666.66666666667,4263.86233269598,5500,4636.54015507015,c,practice_crops,yield,crop,Maïs grain,AB,24156.7441860465,a,7419.48537814182,TRUE,-37.5086017592321,0
Maïs grain:Conventionnel,7419.48537814182,2864.21625144379,1641,55.7621457510947,193.548387096774,24156.7441860465,5363.33802156587,7352.94117647059,9424.69717362046,7419.48537814182,a,practice_crops,yield,crop,Maïs grain,Conventionnel,24156.7441860465,a,7419.48537814182,FALSE,0,NA
Melange cereales d'ete:AB,3195.05266578021,1299.35124914483,42,348.553238772704,1058.68118572293,6333.33333333333,2014.93305870237,3000,4241.65029469548,3195.05266578021,cd,practice_crops,yield,crop,Melange cereales d'ete,AB,24156.7441860465,c,4014.03447623349,FALSE,-20.4029590503608,0.6272
Melange cereales d'ete:Conventionnel,4014.03447623349,1239.51107381444,124,202.853696104335,988.593155893536,7000,3164.8222941939,4000,4809.80637925916,4014.03447623349,c,practice_crops,yield,crop,Melange cereales d'ete,Conventionnel,24156.7441860465,c,4014.03447623349,FALSE,0,NA
Triticale:AB,3244.2303683971,1317.66485348001,36,376.480526679356,1028.57142857143,6060.34482758621,2421.51110658737,3024.95820396465,4405.5424965978,3244.2303683971,cd,practice_crops,yield,crop,Triticale,AB,24156.7441860465,c,4630.63263385693,FALSE,-29.9398025082605,0.0143
Triticale:Conventionnel,4630.63263385693,1500.0281750551,763,81.7770610909666,454.959053685168,9783.95061728395,3601.49009268137,4721.608040201,5618.51474596573,4630.63263385693,c,practice_crops,yield,crop,Triticale,Conventionnel,24156.7441860465,c,4630.63263385693,FALSE,0,NA
AB,0.945918386977249,0.378674751588875,59,0.0765196819098106,0.373112892833614,2.60974530034449,0.678744890162798,0.857709288703573,1.15295592019028,0.945918386977249,bc,practice_herd,cow_pMFA,milk,AB,AB,6.37527385034569,a,1.35471338426751,TRUE,-30.1757554060997,0
AOP - AOC,1.17775446864636,0.517001441061559,39,0.0941167362232202,0.408192603449534,3.29003526171073,0.914680258443187,1.03922942771762,1.35713279101342,1.17775446864636,ab,practice_herd,cow_pMFA,milk,AOP - AOC,AOP - AOC,6.37527385034569,a,1.35471338426751,FALSE,-13.0624616008229,0.5929
Beurre de Charentes-Poitou,1.27665764977449,0.773043283148406,60,0.0758793385860228,0.50064687481021,6.37527385034569,0.91982223331846,1.18470714408985,1.36349453766751,1.27665764977449,a,practice_herd,cow_pMFA,milk,Beurre de Charentes-Poitou,Beurre de Charentes-Poitou,6.37527385034569,a,1.35471338426751,FALSE,-5.76178957109946,0.9752
Bleu d'Auvergne - Cantal,0.873972277000037,0.218715195190897,43,0.0896323811731599,0.513913886004644,1.36279340564605,0.699006697975743,0.876520216895957,1.04987756596239,0.873972277000037,bc,practice_herd,cow_pMFA,milk,Bleu d'Auvergne - Cantal,Bleu d'Auvergne - Cantal,6.37527385034569,a,1.35471338426751,TRUE,-35.4865547834981,0
Comte - Morbier,0.674613862381223,0.12190789844861,41,0.0917925074596781,0.427630680741523,1.02063734206834,0.604962801246172,0.687333811450962,0.741527438668301,0.674613862381223,c,practice_herd,cow_pMFA,milk,Comte - Morbier,Comte - Morbier,6.37527385034569,a,1.35471338426751,TRUE,-50.2024656864237,0
Conventionnel,1.35471338426751,0.626909019487798,878,0.0198358997117567,0.287861347996243,5.2853896725328,0.939282632529946,1.21462182094169,1.62892075112453,1.35471338426751,a,practice_herd,cow_pMFA,milk,Conventionnel,Conventionnel,6.37527385034569,a,1.35471338426751,FALSE,0,NA
Fromages de Savoie,0.917899375850844,0.220854538465548,30,0.107309589732254,0.562478255903145,1.55574297201084,0.763178229537995,0.903249995714733,1.02721749969695,0.917899375850844,bc,practice_herd,cow_pMFA,milk,Fromages de Savoie,Fromages de Savoie,6.37527385034569,a,1.35471338426751,TRUE,-32.2440165934323,0.0017
Munster,1.08962964882584,0.375573143060172,38,0.0953470725760335,0.686703110443588,2.16679779511819,0.856625810323602,0.960772246596687,1.2867502481501,1.08962964882584,ab,practice_herd,cow_pMFA,milk,Munster,Munster,6.37527385034569,a,1.35471338426751,FALSE,-19.5675143185356,0.117
AB,0.755302650892321,0.175684283356568,59,0.0186246783275281,0.259766550580432,1,0.643799904287476,0.798647942449875,0.884875830809227,0.755302650892321,a,practice_herd,feed_autonomy,milk,AB,AB,1,b,0.603818424945509,TRUE,25.0877117505121,0
AOP - AOC,0.63535806510816,0.120838397541953,39,0.0229077525369267,0.338870218581172,0.837645322699797,0.561209700629866,0.662247145856578,0.715506080333232,0.63535806510816,b,practice_herd,feed_autonomy,milk,AOP - AOC,AOP - AOC,1,b,0.603818424945509,FALSE,5.22336498186475,0.8804
Beurre de Charentes-Poitou,0.634335533322689,0.136936289020944,60,0.0184688205386943,0.262727066162134,0.96642242344731,0.541371410431823,0.635497104876962,0.712572740472318,0.634335533322689,b,practice_herd,feed_autonomy,milk,Beurre de Charentes-Poitou,Beurre de Charentes-Poitou,1,b,0.603818424945509,FALSE,5.05402073146977,0.7512
Bleu d'Auvergne - Cantal,0.621124999835837,0.129780470751322,43,0.021816272956389,0.375384737835609,0.902299708719139,0.528803536776426,0.609311867147174,0.704725057938654,0.621124999835837,b,practice_herd,feed_autonomy,milk,Bleu d'Auvergne - Cantal,Bleu d'Auvergne - Cantal,1,b,0.603818424945509,FALSE,2.86618860494199,0.9944
Comte - Morbier,0.670948689959486,0.0965075353213697,41,0.0223420417027967,0.471024800178498,0.972177645142063,0.60580083903122,0.673537153514928,0.724430971384747,0.670948689959486,ab,practice_herd,feed_autonomy,milk,Comte - Morbier,Comte - Morbier,1,b,0.603818424945509,FALSE,11.1176244779273,0.0664
Conventionnel,0.603818424945509,0.143900145522139,879,0.00482525588343751,0,0.996461115150019,0.5072743968522,0.605125047236298,0.704828530744887,0.603818424945509,b,practice_herd,feed_autonomy,milk,Conventionnel,Conventionnel,1,b,0.603818424945509,FALSE,0,NA
Fromages de Savoie,0.639952925334494,0.163566511120443,30,0.0261188564868563,0.350906050289785,0.985534550200686,0.51830846613414,0.594098701999574,0.730529579311646,0.639952925334494,b,practice_herd,feed_autonomy,milk,Fromages de Savoie,Fromages de Savoie,1,b,0.603818424945509,FALSE,5.98433219262,0.8749
Munster,0.608867281744511,0.135764946217768,38,0.0232072129925102,0.366971286277423,0.99248422636911,0.525232883268283,0.56477490870803,0.662908526945918,0.608867281744511,b,practice_herd,feed_autonomy,milk,Munster,Munster,1,b,0.603818424945509,FALSE,0.836154809197334,1
AB,0.278414300690325,0.23224648284031,59,0.0232941754032177,0,0.858733819000708,0.0947219773484166,0.251630112683888,0.393060331882329,0.278414300690325,cd,practice_herd,grassland_share_pseudofarm,milk,AB,AB,0.965371396077737,de,0.218351562052168,FALSE,27.5073546869366,0.198
AOP - AOC,0.331471693444412,0.198426668177856,39,0.0286510830578999,0.0342586964182481,0.724686600816976,0.169450616937378,0.29264701533241,0.456264220786637,0.331471693444412,bc,practice_herd,grassland_share_pseudofarm,milk,AOP - AOC,AOP - AOC,0.965371396077737,de,0.218351562052168,TRUE,51.8064218680594,0.003
Beurre de Charentes-Poitou,0.161872580393268,0.129821701538251,60,0.0230992416380699,0,0.45040565272674,0.0413965875662395,0.143885678767439,0.244777480202463,0.161872580393268,e,practice_herd,grassland_share_pseudofarm,milk,Beurre de Charentes-Poitou,Beurre de Charentes-Poitou,0.965371396077737,de,0.218351562052168,FALSE,-25.8660763074396,0.2594
Bleu d'Auvergne - Cantal,0.388871195737118,0.174996967640996,43,0.027285952538545,0.135629067157432,0.879764301104714,0.261832676303234,0.34578549946011,0.483090419257367,0.388871195737118,ab,practice_herd,grassland_share_pseudofarm,milk,Bleu d'Auvergne - Cantal,Bleu d'Auvergne - Cantal,0.965371396077737,de,0.218351562052168,TRUE,78.0940754819097,0
Comte - Morbier,0.460035830355127,0.173709273549644,41,0.0279435397024666,0,0.941412296256917,0.324832522585195,0.472501665243196,0.590698696851202,0.460035830355127,a,practice_herd,grassland_share_pseudofarm,milk,Comte - Morbier,Comte - Morbier,0.965371396077737,de,0.218351562052168,TRUE,110.68584352294,0
Conventionnel,0.218351562052168,0.178196662806977,879,0.00603502272294651,0,0.844495853862839,0.0728208447456499,0.183830323676074,0.336610108764125,0.218351562052168,de,practice_herd,grassland_share_pseudofarm,milk,Conventionnel,Conventionnel,0.965371396077737,de,0.218351562052168,FALSE,0,NA
Fromages de Savoie,0.360226459063503,0.186352694685696,30,0.0326672608050918,0.0973115526896172,0.965371396077737,0.241987417449592,0.340405083063087,0.376943575887491,0.360226459063503,abc,practice_herd,grassland_share_pseudofarm,milk,Fromages de Savoie,Fromages de Savoie,0.965371396077737,de,0.218351562052168,TRUE,64.9754440398452,"0,0006"
Munster,0.314387162115773,0.147940461940296,38,0.0290256229160395,0.0844800267506943,0.659103427844342,0.205252522966991,0.278401482346319,0.415445481645036,0.314387162115773,bc,practice_herd,grassland_share_pseudofarm,milk,Munster,Munster,0.965371396077737,de,0.218351562052168,TRUE,43.9820989421909,0.027
AB,0.297326932429485,0.2741507711608,51,0.019246467238319,0.00744866755607764,1,0.0721499236377124,0.198503926305394,0.481937367824584,0.297326932429485,a,practice_herd,ha_temp_pasture_pha_pseudofarm,milk,AB,AB,1,b,0.127270521688035,TRUE,133.618066843704,0
AOP - AOC,0.0613532607532864,0.0454932222936358,23,0.0286597366101402,0.000296766801822726,0.153707494721129,0.0200173920939609,0.0493462303952177,0.106624059338641,0.0613532607532864,b,practice_herd,ha_temp_pasture_pha_pseudofarm,milk,AOP - AOC,AOP - AOC,1,b,0.127270521688035,FALSE,-51.7930311437906,0.3179
Beurre de Charentes-Poitou,0.144712165362309,0.130616289230201,53,0.0188798342848,0.00130139911030113,0.785584315431159,0.0666874742312705,0.112098438204904,0.176501375901006,0.144712165362309,b,practice_herd,ha_temp_pasture_pha_pseudofarm,milk,Beurre de Charentes-Poitou,Beurre de Charentes-Poitou,1,b,0.127270521688035,FALSE,13.7043860926621,0.9872
Bleu d'Auvergne - Cantal,0.133076757071323,0.0993197531889616,38,0.0222968911916933,0.0058681047041758,0.417813521604933,0.0649895704496586,0.110305714983568,0.191379198855764,0.133076757071323,b,practice_herd,ha_temp_pasture_pha_pseudofarm,milk,Bleu d'Auvergne - Cantal,Bleu d'Auvergne - Cantal,1,b,0.127270521688035,FALSE,4.56212114657598,1
Comte - Morbier,0.169044528272054,0.143537492478928,29,0.0255233169656486,0.00915795093918432,0.618624715237358,0.0761177064182711,0.119906207771114,0.233558766526372,0.169044528272054,b,practice_herd,ha_temp_pasture_pha_pseudofarm,milk,Comte - Morbier,Comte - Morbier,1,b,0.127270521688035,FALSE,32.8230025538949,0.7504
Conventionnel,0.127270521688035,0.127249378481067,626,0.00549349768975253,0.000252113135267936,0.686906711565794,0.0321410674063404,0.0842825037645052,0.183223345177955,0.127270521688035,b,practice_herd,ha_temp_pasture_pha_pseudofarm,milk,Conventionnel,Conventionnel,1,b,0.127270521688035,FALSE,0,NA
Fromages de Savoie,0.145405956302344,0.137524583552427,26,0.0269556270413063,0.0120644459749123,0.489302430247729,0.0605834623723411,0.100310235177019,0.172204299769761,0.145405956302344,b,practice_herd,ha_temp_pasture_pha_pseudofarm,milk,Fromages de Savoie,Fromages de Savoie,1,b,0.127270521688035,FALSE,14.2495169924441,0.9979
Munster,0.0566544605792332,0.0622612446656787,26,0.0269556270413063,0.00103666314144252,0.25147806043683,0.0149972022170078,0.037147372708791,0.0672268555661081,0.0566544605792332,b,practice_herd,ha_temp_pasture_pha_pseudofarm,milk,Munster,Munster,1,b,0.127270521688035,FALSE,-55.4850095467478,0.1696
AB,1462.22543871533,716.525774899815,22,279.904796568443,491.973916917118,3117.82837851039,886.161019020942,1224.14773296686,1866.03281760397,1462.22543871533,b,practice_herd,kg_DM_panim_maize_produced,milk,AB,AB,16451.6173163812,a,3068.23440104884,TRUE,-52.3430987471006,0
AOP - AOC,3031.49617985754,1024.96544278212,33,228.541309383404,1350.84339165521,5212.81635767384,2118.65024652712,2833.56814758042,3768.26503241986,3031.49617985754,a,practice_herd,kg_DM_panim_maize_produced,milk,AOP - AOC,AOP - AOC,16451.6173163812,a,3068.23440104884,FALSE,-1.19737335513677,1
Beurre de Charentes-Poitou,3300.44418144449,1543.770093897,59,170.921098514384,325.431106124352,6665.51208860843,2155.98628720665,2992.88769048606,4531.3202649221,3300.44418144449,a,practice_herd,kg_DM_panim_maize_produced,milk,Beurre de Charentes-Poitou,Beurre de Charentes-Poitou,16451.6173163812,a,3068.23440104884,FALSE,7.56818906392121,0.8949
Bleu d'Auvergne - Cantal,1067.79408323201,489.650018129844,32,232.084796809571,18.3679083170018,2218.80446958911,838.424089805519,1053.05496883386,1378.13086990345,1067.79408323201,b,practice_herd,kg_DM_panim_maize_produced,milk,Bleu d'Auvergne - Cantal,Bleu d'Auvergne - Cantal,16451.6173163812,a,3068.23440104884,TRUE,-65.1984189060979,0
Comte - Morbier,458.003462307133,218.941804850554,12,378.992886160641,235.460545041071,937.577690051355,282.270168479762,401.077585953787,590.37626711576,458.003462307133,b,practice_herd,kg_DM_panim_maize_produced,milk,Comte - Morbier,Comte - Morbier,16451.6173163812,a,3068.23440104884,TRUE,-85.0727355722702,0
Conventionnel,3068.23440104884,1364.92059909627,794,46.5920082271129,99.4250972426092,16451.6173163812,2185.78270392397,3001.14474296804,3844.53384508738,3068.23440104884,a,practice_herd,kg_DM_panim_maize_produced,milk,Conventionnel,Conventionnel,16451.6173163812,a,3068.23440104884,FALSE,0,NA
Fromages de Savoie,1051.26765520905,772.215182686531,18,309.446395746094,153.836715494576,3253.01995972611,665.99793132893,969.880086006802,1256.23585381818,1051.26765520905,b,practice_herd,kg_DM_panim_maize_produced,milk,Fromages de Savoie,Fromages de Savoie,16451.6173163812,a,3068.23440104884,TRUE,-65.7370488105575,0
Munster,2695.21379881795,1065.5365864616,32,232.084796809571,868.329284976026,4605.23179436606,1809.50802314707,2652.69382468213,3289.05172708459,2695.21379881795,a,practice_herd,kg_DM_panim_maize_produced,milk,Munster,Munster,16451.6173163812,a,3068.23440104884,FALSE,-12.157500160463,0.7648
AB,1.20253215590077,0.424690595369497,59,0.0467771161333849,0.383179155401869,2.68015396735685,0.867349763116311,1.16589619952875,1.47342586911235,1.20253215590077,b,practice_herd,MFA_pcow,milk,AB,AB,3.47389466130427,d,0.875760786914578,TRUE,37.3128568747005,0
AOP - AOC,0.995961014600032,0.426680070369859,39,0.0575343413685085,0.30394811011236,2.44982391045122,0.737491214272499,0.962251427190836,1.09401028161929,0.995961014600032,bcd,practice_herd,MFA_pcow,milk,AOP - AOC,AOP - AOC,3.47389466130427,d,0.875760786914578,FALSE,13.7252351876744,0.4523
Beurre de Charentes-Poitou,0.916927270216854,0.324903655817154,60,0.0463856689491512,0.156856007047568,1.99741584400999,0.733433431986784,0.844103544845711,1.08716993394548,0.916927270216854,cd,practice_herd,MFA_pcow,milk,Beurre de Charentes-Poitou,Beurre de Charentes-Poitou,3.47389466130427,d,0.875760786914578,FALSE,4.70065386774299,0.9895
Bleu d'Auvergne - Cantal,1.22064578120294,0.321797697949058,43,0.0547930179374043,0.733786937812439,1.94585129383128,0.952494834169212,1.14087499720352,1.43072480646393,1.22064578120294,b,practice_herd,MFA_pcow,milk,Bleu d'Auvergne - Cantal,Bleu d'Auvergne - Cantal,3.47389466130427,d,0.875760786914578,TRUE,39.3811871279877,0
Comte - Morbier,1.53053209685348,0.282957709098132,41,0.0561135210503986,0.979779946100619,2.33846645022283,1.34856776412197,1.45489714508442,1.65299419723012,1.53053209685348,a,practice_herd,MFA_pcow,milk,Comte - Morbier,Comte - Morbier,3.47389466130427,d,0.875760786914578,TRUE,74.7659999993549,0
Conventionnel,0.875760786914578,0.364357766971643,878,0.0121258499940008,0.189200808636081,3.47389466130427,0.613903535434729,0.823302064285694,1.06464243901087,0.875760786914578,d,practice_herd,MFA_pcow,milk,Conventionnel,Conventionnel,3.47389466130427,d,0.875760786914578,FALSE,0,NA
Fromages de Savoie,1.14563286746988,0.254368784636062,30,0.0655992421276381,0.642779699468913,1.7778465025183,0.973514777468995,1.10738657434268,1.31054014423271,1.14563286746988,bc,practice_herd,MFA_pcow,milk,Fromages de Savoie,Fromages de Savoie,3.47389466130427,d,0.875760786914578,TRUE,30.8157301157654,0.0014
Munster,1.00664276922316,0.278622763992415,38,0.0582864561842301,0.461510530540971,1.45623339226472,0.781865489562343,1.04142995540965,1.16738243448213,1.00664276922316,bcd,practice_herd,MFA_pcow,milk,Munster,Munster,3.47389466130427,d,0.875760786914578,FALSE,14.9449466411595,0.3533
AB,0.605662401615675,0.202712669299131,59,0.0207324198889573,0.106850810859957,1,0.48108587472593,0.618023514094041,0.750154740987773,0.605662401615675,a,practice_herd,MFA_pha_pseudofarm,milk,AB,AB,1,d,0.439604036214396,TRUE,37.7745315605547,0
AOP - AOC,0.49106985545211,0.160622413012215,39,0.0255002065515364,0.18499696065854,0.841443863100432,0.360285632549545,0.535428077347204,0.589831544264769,0.49106985545211,bcd,practice_herd,MFA_pha_pseudofarm,milk,AOP - AOC,AOP - AOC,1,d,0.439604036214396,FALSE,11.7073127173506,0.4994
Beurre de Charentes-Poitou,0.456350579207857,0.156389221514569,60,0.0205589237853338,0.100554526968732,0.882319828641289,0.35070280190443,0.447199233117036,0.551696869722617,0.456350579207857,cd,practice_herd,MFA_pha_pseudofarm,milk,Beurre de Charentes-Poitou,Beurre de Charentes-Poitou,1,d,0.439604036214396,FALSE,3.80946069960423,0.9937
Bleu d'Auvergne - Cantal,0.552076400384906,0.126671599261722,43,0.0242852050054166,0.332036182531807,0.879764301104714,0.463809434738508,0.514636535126618,0.637513981030386,0.552076400384906,abc,practice_herd,MFA_pha_pseudofarm,milk,Bleu d'Auvergne - Cantal,Bleu d'Auvergne - Cantal,1,d,0.439604036214396,TRUE,25.584925274812,"0,0002"
Comte - Morbier,0.591108716229013,0.0957670176404176,41,0.0248704746258269,0.38934072667207,0.941412296256917,0.538941319012001,0.598269481055708,0.62746163681999,0.591108716229013,ab,practice_herd,MFA_pha_pseudofarm,milk,Comte - Morbier,Comte - Morbier,1,d,0.439604036214396,TRUE,34.4638964917801,0
Conventionnel,0.439604036214396,0.160031339344003,878,0.00537438462151607,0.0359341626203643,0.991551220982642,0.322528551219683,0.431018340322965,0.546128615471349,0.439604036214396,d,practice_herd,MFA_pha_pseudofarm,milk,Conventionnel,Conventionnel,1,d,0.439604036214396,FALSE,0,NA
Fromages de Savoie,0.52524942318526,0.155634705623717,30,0.0290747088450139,0.259640054868561,0.965371396077737,0.43018772761404,0.486705869852051,0.594984579542299,0.52524942318526,abcd,practice_herd,MFA_pha_pseudofarm,milk,Fromages de Savoie,Fromages de Savoie,1,d,0.439604036214396,FALSE,19.4823932255924,0.0741
Munster,0.447977998914476,0.157260107145006,38,0.0258335567332745,0.234695976394548,0.889132284578851,0.335770364345976,0.398256545254514,0.522091803352209,0.447977998914476,cd,practice_herd,MFA_pha_pseudofarm,milk,Munster,Munster,1,d,0.439604036214396,FALSE,1.90488758296939,1
AB,0.554224005295922,0.246144088408898,59,0.0213720852453047,0.16134928408981,0.990753297301779,0.320209211969778,0.530946870012407,0.753003336082419,0.554224005295922,a,practice_herd,nb_cow_pha,milk,AB,AB,1.77437890939142,a,0.528882032509226,FALSE,4.79161159369765,0.946
AOP - AOC,0.525822958204502,0.158128351489724,39,0.0262869742707938,0.267212915162571,0.943828160359962,0.409644339350863,0.518954206002231,0.59928911348786,0.525822958204502,a,practice_herd,nb_cow_pha,milk,AOP - AOC,AOP - AOC,1.77437890939142,a,0.528882032509226,FALSE,-0.578403900433283,1
Beurre de Charentes-Poitou,0.514698755875434,0.126657270704254,60,0.0211932361994032,0.29112469295557,0.827772581796372,0.431654929859747,0.502143678752445,0.584430562879578,0.514698755875434,a,practice_herd,nb_cow_pha,milk,Beurre de Charentes-Poitou,Beurre de Charentes-Poitou,1.77437890939142,a,0.528882032509226,FALSE,-2.6817467340497,0.9982
Bleu d'Auvergne - Cantal,0.46529529963624,0.0908315102361514,43,0.0250344858128169,0.297925069421474,0.602755140603493,0.400783692260849,0.487794344936569,0.524380091707577,0.46529529963624,ab,practice_herd,nb_cow_pha,milk,Bleu d'Auvergne - Cantal,Bleu d'Auvergne - Cantal,1.77437890939142,a,0.528882032509226,FALSE,-12.0228574548667,0.2049
Comte - Morbier,0.392531058743197,0.0617542339304995,41,0.0256378129828188,0.264489924622987,0.528733925943567,0.352214541158511,0.390667938475257,0.442009039604454,0.392531058743197,b,practice_herd,nb_cow_pha,milk,Comte - Morbier,Comte - Morbier,1.77437890939142,a,0.528882032509226,TRUE,-25.7809805183067,0
Conventionnel,0.528882032509226,0.167313118841831,879,0.00553705026512107,0.121588082759617,1.77437890939142,0.417351058820431,0.502480430489337,0.60941623550092,0.528882032509226,a,practice_herd,nb_cow_pha,milk,Conventionnel,Conventionnel,1.77437890939142,a,0.528882032509226,FALSE,0,NA
Fromages de Savoie,0.478055239848422,0.173247795355814,30,0.0299717620637724,0.243194077321457,0.891955747559431,0.341366283999913,0.400690890673187,0.599792656586571,0.478055239848422,ab,practice_herd,nb_cow_pha,milk,Fromages de Savoie,Fromages de Savoie,1.77437890939142,a,0.528882032509226,FALSE,-9.61023244061834,0.7083
Munster,0.452728615040803,0.112510039751247,38,0.0266306094344072,0.281412110344972,0.768877172252544,0.379181807582119,0.424776445164288,0.509954135644178,0.452728615040803,ab,practice_herd,nb_cow_pha,milk,Munster,Munster,1.77437890939142,a,0.528882032509226,FALSE,-14.3989420678787,0.096
AB,0.233980521419953,0.179466139805233,59,0.0183146955041111,0,0.750492821825612,0.10008895783284,0.219838304224067,0.313674911088581,0.233980521419953,b,practice_herd,share_concent,milk,AB,AB,0.949313040481837,a,0.396985883190723,TRUE,-41.0607451480732,0
AOP - AOC,0.353952732596042,0.13025740090659,39,0.0225264836803775,0.0366324163381696,0.583196044814601,0.263502851721125,0.338976907840005,0.469561723346384,0.353952732596042,a,practice_herd,share_concent,milk,AOP - AOC,AOP - AOC,0.949313040481837,a,0.396985883190723,FALSE,-10.839969988053,0.5724
Beurre de Charentes-Poitou,0.373811941541337,0.147315970256791,60,0.0181614317594044,0,0.772834374670133,0.317821080878886,0.372454832316479,0.462526840219172,0.373811941541337,a,practice_herd,share_concent,milk,Beurre de Charentes-Poitou,Beurre de Charentes-Poitou,0.949313040481837,a,0.396985883190723,FALSE,-5.83747247210124,0.9216
Bleu d'Auvergne - Cantal,0.359003977269238,0.13407110019526,43,0.0214531703154451,0.0872336903408184,0.63964298385187,0.267036886618143,0.373484981129189,0.450867291280549,0.359003977269238,a,practice_herd,share_concent,milk,Bleu d'Auvergne - Cantal,Bleu d'Auvergne - Cantal,0.949313040481837,a,0.396985883190723,FALSE,-9.56757092121538,0.6684
Comte - Morbier,0.334087019286993,0.0846392594928677,41,0.0219701883453244,0.0653452836069235,0.523516779179814,0.288383183828224,0.33524837922419,0.395722794655557,0.334087019286993,a,practice_herd,share_concent,milk,Comte - Morbier,Comte - Morbier,0.949313040481837,a,0.396985883190723,FALSE,-15.8441059410448,0.0963
Conventionnel,0.396985883190723,0.140803219833703,879,0.00474494596258123,0,0.949313040481837,0.30819385475494,0.399259171473594,0.490325531555496,0.396985883190723,a,practice_herd,share_concent,milk,Conventionnel,Conventionnel,0.949313040481837,a,0.396985883190723,FALSE,0,NA
Fromages de Savoie,0.375113342113464,0.132182392961516,30,0.0256841431062632,0.0340689085507421,0.604376726923234,0.323932354892923,0.401900896993686,0.471166707667582,0.375113342113464,a,practice_herd,share_concent,milk,Fromages de Savoie,Fromages de Savoie,0.949313040481837,a,0.396985883190723,FALSE,-5.50965210688634,0.9909
Munster,0.425213315514156,0.129868087074038,38,0.0228209600177984,0.0576471228507851,0.663584998692989,0.322817212997887,0.466499750017589,0.508537493051016,0.425213315514156,a,practice_herd,share_concent,milk,Munster,Munster,0.949313040481837,a,0.396985883190723,FALSE,7.11043730234379,0.9288
AB,0.0344640677297455,0.0296834955182128,59,0.00314778337650558,0,0.126430510991131,0.0108995526813622,0.0278429445866926,0.0481936798505727,0.0344640677297455,b,practice_herd,share_soybean,milk,AB,AB,0.157601785739588,a,0.0618845818256865,TRUE,-44.3091207648097,0
AOP - AOC,0.0562238298957303,0.0207859676893721,39,0.00387167184102512,0.00625674929997591,0.0930956480720704,0.0424753412848915,0.0544126757705014,0.0742049236219329,0.0562238298957303,a,practice_herd,share_soybean,milk,AOP - AOC,AOP - AOC,0.157601785739588,a,0.0618845818256865,FALSE,-9.14727346126544,0.843
Beurre de Charentes-Poitou,0.0583379356776889,0.025759880881947,60,0.00312144162991741,0,0.125924860377685,0.0451660654903858,0.0608222857568394,0.075364681005936,0.0583379356776889,a,practice_herd,share_soybean,milk,Beurre de Charentes-Poitou,Beurre de Charentes-Poitou,0.157601785739588,a,0.0618845818256865,FALSE,-5.73106587031247,0.957
Bleu d'Auvergne - Cantal,0.0535716594783771,0.0217974623865165,43,0.00368719932456111,0.00620446370798086,0.100181885248257,0.0399705088244707,0.0554805519696699,0.0688986827638429,0.0535716594783771,a,practice_herd,share_soybean,milk,Bleu d'Auvergne - Cantal,Bleu d'Auvergne - Cantal,0.157601785739588,a,0.0618845818256865,FALSE,-13.4329458195659,0.3516
Comte - Morbier,0.0506792037238152,0.0157500147913057,41,0.00377606024826266,0.00475200701133379,0.0890336231708675,0.0425482020727078,0.0520925171845024,0.0575314298576362,0.0506792037238152,a,practice_herd,share_soybean,milk,Comte - Morbier,Comte - Morbier,0.157601785739588,a,0.0618845818256865,FALSE,-18.1068979886363,0.0733
Conventionnel,0.0618845818256865,0.024229399808841,879,0.00081552336046634,0,0.157601785739588,0.046053454240299,0.0615753259071729,0.0773315413750145,0.0618845818256865,a,practice_herd,share_soybean,milk,Conventionnel,Conventionnel,0.157601785739588,a,0.0618845818256865,FALSE,0,NA
Fromages de Savoie,0.0572635387881356,0.0248538595245033,30,0.00441438508718518,0.00247067220655574,0.0904748730503196,0.0448439519425779,0.0658886256434913,0.0747147371906643,0.0572635387881356,a,practice_herd,share_soybean,milk,Fromages de Savoie,Fromages de Savoie,0.157601785739588,a,0.0618845818256865,FALSE,-7.46719603045415,0.97
Munster,0.0648110385039017,0.0235442298808973,38,0.00392228407858592,0.00128368030570926,0.108120139411101,0.0539974245049651,0.0736004145120116,0.0803633518908556,0.0648110385039017,a,practice_herd,share_soybean,milk,Munster,Munster,0.157601785739588,a,0.0618845818256865,FALSE,4.72889464852217,0.9961
AB,4783.0297758319,1501.91995855167,59,218.998165402013,1876,9381.76197836167,3891.73996752131,4757.73913043478,5398.76989348371,4783.0297758319,b,practice_herd,yield_l_panim,milk,AB,AB,14315.44,a,7102.33513821927,TRUE,-32.6555325431866,0
AOP - AOC,6570.41233648593,1842.79754961341,39,269.36066711312,3259.88530033203,10497.5384615385,5341.95289670823,6681.15942028986,7794.56566685182,6570.41233648593,a,practice_herd,yield_l_panim,milk,AOP - AOC,AOP - AOC,14315.44,a,7102.33513821927,FALSE,-7.48940723552937,0.5287
Beurre de Charentes-Poitou,6968.09696767134,1767.98285556731,60,217.165512551962,2452.61728395062,9732.18142548596,6310.82371887667,7487.37003981969,8070.04556263864,6968.09696767134,a,practice_herd,yield_l_panim,milk,Beurre de Charentes-Poitou,Beurre de Charentes-Poitou,14315.44,a,7102.33513821927,FALSE,-1.89005683251364,0.9989
Bleu d'Auvergne - Cantal,6399.98745736788,1500.64651071521,43,256.526511187957,2629.56989247312,9127.70562770563,5726.5868368574,6388.26330532213,7547.93972570194,6399.98745736788,a,practice_herd,yield_l_panim,milk,Bleu d'Auvergne - Cantal,Bleu d'Auvergne - Cantal,14315.44,a,7102.33513821927,FALSE,-9.88896844746034,0.1318
Comte - Morbier,6665.55540808162,1056.15594844303,41,262.708759754302,4000.21203718806,9012.03384261541,5990.25517751479,6901.77604871448,7337.33510329379,6665.55540808162,a,practice_herd,yield_l_panim,milk,Comte - Morbier,Comte - Morbier,14315.44,a,7102.33513821927,FALSE,-6.14980455916868,0.7351
Conventionnel,7102.33513821927,1710.17576662096,879,56.737741585915,393.599137931034,14315.44,6065.76295147756,7296.67088607595,8337.98464398843,7102.33513821927,a,practice_herd,yield_l_panim,milk,Conventionnel,Conventionnel,14315.44,a,7102.33513821927,FALSE,0,NA
Fromages de Savoie,6439.99726274548,1733.27079938107,30,307.11841313069,1786.5046728972,9708.10687022901,5395.43178571429,6614.24270790937,7275.42006802721,6439.99726274548,a,practice_herd,yield_l_panim,milk,Fromages de Savoie,Fromages de Savoie,14315.44,a,7102.33513821927,FALSE,-9.32563533801157,0.402
Munster,6928.75442367171,1670.9730781754,38,272.881871035676,1838.99408284024,9789.84615384615,6158.39369003432,6832.85714285714,8232.72985789787,6928.75442367171,a,practice_herd,yield_l_panim,milk,Munster,Munster,14315.44,a,7102.33513821927,FALSE,-2.44399498431834,0.9986
AB,2533.59538822372,1169.32291194292,59,147.422261120448,302.691256952484,5947.36046239017,1761.52789257888,2209.93886315919,3182.69657142873,2533.59538822372,d,practice_herd,yield_l_pha,milk,AB,AB,11122.5696090047,a,3662.40105627255,TRUE,-30.8214652274506,0
AOP - AOC,3302.04073130741,836.292158650123,39,181.324617627886,1295.79494541586,4999.47755275542,2938.42355314886,3464.15613597952,3797.47518455324,3302.04073130741,abc,practice_herd,yield_l_pha,milk,AOP - AOC,AOP - AOC,11122.5696090047,a,3662.40105627255,FALSE,-9.83945557649835,0.5202
Beurre de Charentes-Poitou,3477.75241166549,933.936792658471,60,146.18858034277,1230.38279332601,5693.15876950394,2805.6149785615,3595.96123963055,4099.85283737262,3477.75241166549,ab,practice_herd,yield_l_pha,milk,Beurre de Charentes-Poitou,Beurre de Charentes-Poitou,11122.5696090047,a,3662.40105627255,FALSE,-5.04173742225232,0.9255
Bleu d'Auvergne - Cantal,2955.58026739284,889.501440276822,43,172.685091892194,1188.88926712516,5396.12491886019,2342.42796700812,2784.59210484594,3545.70659008411,2955.58026739284,bcd,practice_herd,yield_l_pha,milk,Bleu d'Auvergne - Cantal,Bleu d'Auvergne - Cantal,11122.5696090047,a,3662.40105627255,TRUE,-19.2993825094374,0.0017
Comte - Morbier,2589.56843647016,451.547853483686,41,176.846775442311,1468.2655177193,3449.43691103603,2329.42749219263,2561.23153518384,2894.39843385197,2589.56843647016,cd,practice_herd,yield_l_pha,milk,Comte - Morbier,Comte - Morbier,11122.5696090047,a,3662.40105627255,TRUE,-29.2931495846138,0
Conventionnel,3662.40105627255,1206.69217701532,879,38.1939553699402,315.047685548861,11122.5696090047,2892.36996099166,3573.6591776042,4251.37529120013,3662.40105627255,a,practice_herd,yield_l_pha,milk,Conventionnel,Conventionnel,11122.5696090047,a,3662.40105627255,FALSE,0,NA
Fromages de Savoie,2848.82237856367,663.995399886585,30,206.741872984814,1593.48311103244,4366.85583287863,2376.88646868626,2817.67632548116,3211.74975511166,2848.82237856367,bcd,practice_herd,yield_l_pha,milk,Fromages de Savoie,Fromages de Savoie,11122.5696090047,a,3662.40105627255,TRUE,-22.2143524209474,0.0029
Munster,3075.57858804256,811.731450143864,38,183.694974672551,543.126985778439,5070.37410558956,2540.20585424368,3145.7291967432,3374.20602529982,3075.57858804256,bcd,practice_herd,yield_l_pha,milk,Munster,Munster,11122.5696090047,a,3662.40105627255,TRUE,-16.0228893344422,0.0381
AB,87.9091231058394,93.0445731944148,441,4.37918341850533,0,321.739932119543,37.7451826636679,54.4735508509441,84.6259731792909,87.9091231058394,a,practice_feed,feed_A.3.1_max,milk,AB,AB,321.739932119543,a,97.1903630514456,FALSE,-9.54954756233741,0.4446
AOP - AOC,101.694313564167,95.3387743562628,309,5.23158385278485,0,321.739932119543,45.3747445559041,58.5268122347731,92.1493945868946,101.694313564167,a,practice_feed,feed_A.3.1_max,milk,AOP - AOC,AOP - AOC,321.739932119543,a,97.1903630514456,FALSE,4.63415339886842,0.9907
Beurre de Charentes-Poitou,90.6215292214855,89.3092217155591,496,4.1292539426843,0,321.739932119543,45.3747445559041,58.5268122347731,88.4765146803705,90.6215292214855,a,practice_feed,feed_A.3.1_max,milk,Beurre de Charentes-Poitou,Beurre de Charentes-Poitou,321.739932119543,a,97.1903630514456,FALSE,-6.75872959388268,0.7876
Bleu d'Auvergne - Cantal,92.9609397005949,90.8297822198044,338,5.00211970130623,0,321.739932119543,45.3747445559041,58.5268122347731,74.9279385705848,92.9609397005949,a,practice_feed,feed_A.3.1_max,milk,Bleu d'Auvergne - Cantal,Bleu d'Auvergne - Cantal,321.739932119543,a,97.1903630514456,FALSE,-4.35169004216182,0.9917
Comte - Morbier,82.68693803441,95.3462631037662,309,5.23158385278485,0,321.739932119543,45.2953854655982,55.1647906253309,66.099927810591,82.68693803441,a,practice_feed,feed_A.3.1_max,milk,Comte - Morbier,Comte - Morbier,321.739932119543,a,97.1903630514456,FALSE,-14.9226986726642,0.1188
Conventionnel,97.1903630514456,91.843130051301,6925,1.10510244941178,0,321.739932119543,45.3747445559041,58.5268122347731,93.410101010101,97.1903630514456,a,practice_feed,feed_A.3.1_max,milk,Conventionnel,Conventionnel,321.739932119543,a,97.1903630514456,FALSE,0,NA
Fromages de Savoie,87.2504217430084,92.3161577727545,239,5.94858237361007,0,321.739932119543,45.3747445559041,58.5268122347731,76.0429883410408,87.2504217430084,a,practice_feed,feed_A.3.1_max,milk,Fromages de Savoie,Fromages de Savoie,321.739932119543,a,97.1903630514456,FALSE,-10.2272910568054,0.7241
Munster,103.720753228436,91.3764074994515,310,5.2231389984451,3.79239348012582,321.739932119543,51.7682699732025,58.5268122347731,105.44698908797,103.720753228436,a,practice_feed,feed_A.3.1_max,milk,Munster,Munster,321.739932119543,a,97.1903630514456,FALSE,6.71917458887761,0.9253
AB,297.5331326534,220.934110616191,526,9.61424419942152,0,776.682003923228,141.777327481303,188.213078230061,421.466390471991,297.5331326534,b,practice_feed,feed_A.4.5_max,milk,AB,AB,776.682003923228,ab,335.906194923467,FALSE,-11.4237435480493,0.0028
AOP - AOC,342.025160685169,225.869969729786,372,11.4323773554146,20.3675386586235,776.682003923228,178.249060976064,254.318764269905,522.369856564113,342.025160685169,ab,practice_feed,feed_A.4.5_max,milk,AOP - AOC,AOP - AOC,776.682003923228,ab,335.906194923467,FALSE,1.82162932812119,0.9995
Beurre de Charentes-Poitou,321.020411336143,219.450836419214,581,9.14786937965064,13.096855468115,776.682003923228,178.249060976064,227.759547284215,421.466390471991,321.020411336143,ab,practice_feed,feed_A.4.5_max,milk,Beurre de Charentes-Poitou,Beurre de Charentes-Poitou,776.682003923228,ab,335.906194923467,FALSE,-4.43152993671802,0.7671
Bleu d'Auvergne - Cantal,349.230436368797,219.711215519234,414,10.8369694837231,25.153449416544,776.682003923228,179.428001642406,273.701793737188,508.130874497426,349.230436368797,a,practice_feed,feed_A.4.5_max,milk,Bleu d'Auvergne - Cantal,Bleu d'Auvergne - Cantal,776.682003923228,ab,335.906194923467,FALSE,3.96665546712083,0.9323
Comte - Morbier,319.026915101573,214.443481499923,377,11.3563127892113,18.2453048649614,776.682003923228,178.249060976064,220.118644925824,353.193914418565,319.026915101573,ab,practice_feed,feed_A.4.5_max,milk,Comte - Morbier,Comte - Morbier,776.682003923228,ab,335.906194923467,FALSE,-5.02499807297107,0.8321
Conventionnel,335.906194923467,220.532020254977,8172,2.43917995291926,9.20648115663408,776.682003923228,178.249060976064,239.941833867123,480.891692367053,335.906194923467,ab,practice_feed,feed_A.4.5_max,milk,Conventionnel,Conventionnel,776.682003923228,ab,335.906194923467,FALSE,0,NA
Fromages de Savoie,339.41529511155,223.183739988655,287,13.0156862936972,12.2928933516259,776.682003923228,178.249060976064,220.118644925824,446.506914107385,339.41529511155,ab,practice_feed,feed_A.4.5_max,milk,Fromages de Savoie,Fromages de Savoie,776.682003923228,ab,335.906194923467,FALSE,1.04466670788311,1
Munster,342.408811154237,220.210643989849,359,11.6375295484438,20.5912765131984,776.682003923228,178.249060976064,279.956370487616,401.307710703957,342.408811154237,ab,practice_feed,feed_A.4.5_max,milk,Munster,Munster,776.682003923228,ab,335.906194923467,FALSE,1.93584290169211,0.9994
AB,28.6974248103845,83.2168097709658,526,3.5116398200728,0,269.550811611826,0,0,0,28.6974248103845,c,practice_feed,feed_A.4.5_min_max,milk,AB,AB,269.550811611826,ab,120.236169188793,TRUE,-76.1324524858038,0
AOP - AOC,121.51426982542,85.1859640777905,372,4.17571997617744,0,269.550811611826,39.1768876729827,110.794915226347,173.488403527556,121.51426982542,ab,practice_feed,feed_A.4.5_min_max,milk,AOP - AOC,AOP - AOC,269.550811611826,ab,120.236169188793,FALSE,1.06299181456818,1
Beurre de Charentes-Poitou,115.554705422436,81.5303536489064,581,3.34129461620485,0,269.550811611826,43.8458810674916,110.794915226347,173.488403527556,115.554705422436,ab,practice_feed,feed_A.4.5_min_max,milk,Beurre de Charentes-Poitou,Beurre de Charentes-Poitou,269.550811611826,ab,120.236169188793,FALSE,-3.89355698700433,0.8779
Bleu d'Auvergne - Cantal,116.015242784982,81.5452402393975,414,3.9582449518232,0,269.550811611826,42.75094743365,110.794915226347,173.488403527556,116.015242784982,ab,practice_feed,feed_A.4.5_min_max,milk,Bleu d'Auvergne - Cantal,Bleu d'Auvergne - Cantal,269.550811611826,ab,120.236169188793,FALSE,-3.51052967862247,0.9683
Comte - Morbier,109.259606208824,79.2145446997889,377,4.14793709964177,0,269.550811611826,35.5487234470203,110.482427915366,148.005664474767,109.259606208824,ab,practice_feed,feed_A.4.5_min_max,milk,Comte - Morbier,Comte - Morbier,269.550811611826,ab,120.236169188793,FALSE,-9.12916891316966,0.1605
Conventionnel,120.236169188793,79.7945305854381,8172,0.890919896907751,0,269.550811611826,49.8675350031785,110.794915226347,173.488403527556,120.236169188793,ab,practice_feed,feed_A.4.5_min_max,milk,Conventionnel,Conventionnel,269.550811611826,ab,120.236169188793,FALSE,0,NA
Fromages de Savoie,103.420072522023,83.7353191571481,287,4.75402967996933,0,269.550811611826,34.553075951138,92.9202681190301,150.441814071274,103.420072522023,b,practice_feed,feed_A.4.5_min_max,milk,Fromages de Savoie,Fromages de Savoie,269.550811611826,ab,120.236169188793,FALSE,-13.9858885892857,0.012
Munster,127.189694863423,84.3854238869559,359,4.25065260689426,0,269.550811611826,55.3226535417425,110.794915226347,173.488403527556,127.189694863423,a,practice_feed,feed_A.4.5_min_max,milk,Munster,Munster,269.550811611826,ab,120.236169188793,FALSE,5.78322290334459,0.7499
AB,302.605093996965,230.586313455668,526,11.1707084715577,0,813.39360039298,141.777327481303,188.213078230061,427.704173070267,302.605093996965,a,practice_feed,feed_A.4.5_org_max,milk,AB,AB,813.39360039298,b,249.177115931117,TRUE,21.4417675821475,"0,0001"
AOP - AOC,252.57319026702,260.501375203514,372,13.2831819043933,16.7260690970475,813.39360039298,66.9404223790673,161.971005016714,409.755102923673,252.57319026702,ab,practice_feed,feed_A.4.5_org_max,milk,AOP - AOC,AOP - AOC,813.39360039298,b,249.177115931117,FALSE,1.36291582122722,1
Beurre de Charentes-Poitou,235.858442259885,249.318486332847,581,10.6288315395728,7.82297776906494,813.39360039298,66.4628484818692,161.971005016714,303.153307738059,235.858442259885,b,practice_feed,feed_A.4.5_org_max,milk,Beurre de Charentes-Poitou,Beurre de Charentes-Poitou,813.39360039298,b,249.177115931117,FALSE,-5.34506293704489,0.929
Bleu d'Auvergne - Cantal,266.506670979658,257.866959359942,414,12.5913825680776,21.5554876783206,813.39360039298,66.9404223790673,166.014660199873,432.074654113557,266.506670979658,ab,practice_feed,feed_A.4.5_org_max,milk,Bleu d'Auvergne - Cantal,Bleu d'Auvergne - Cantal,813.39360039298,b,249.177115931117,FALSE,6.9547137118849,0.8825
Comte - Morbier,244.219679125546,250.133518203145,377,13.1948031325992,15.0833939281805,813.39360039298,66.9404223790673,161.971005016714,281.359978157887,244.219679125546,b,practice_feed,feed_A.4.5_org_max,milk,Comte - Morbier,Comte - Morbier,813.39360039298,b,249.177115931117,FALSE,-1.98952331037565,1
Conventionnel,249.177115931117,257.969846181147,8172,2.83406241807008,6.27713267342719,813.39360039298,66.9404223790673,161.971005016714,386.596346664548,249.177115931117,b,practice_feed,feed_A.4.5_org_max,milk,Conventionnel,Conventionnel,813.39360039298,b,249.177115931117,FALSE,0,NA
Fromages de Savoie,270.688140535493,256.969724667137,287,15.1228150781617,6.97751098630903,813.39360039298,66.9404223790673,172.667224687093,413.914815162221,270.688140535493,ab,practice_feed,feed_A.4.5_org_max,milk,Fromages de Savoie,Fromages de Savoie,813.39360039298,b,249.177115931117,FALSE,8.63282509872305,0.8585
Munster,248.694676979682,261.449959366047,359,13.5215464906358,18.1234131786401,813.39360039298,65.6524908869355,160.911099456904,318.077932515093,248.694676979682,b,practice_feed,feed_A.4.5_org_max,milk,Munster,Munster,813.39360039298,b,249.177115931117,FALSE,-0.193612864340147,1
AB,84.8089440601526,217.880185016608,441,9.15770729686844,0,655.422286225402,0,1.16919186045105,5.03680850851167,84.8089440601526,b,practice_feed,feed_A.5.1_max,milk,AB,AB,655.422286225402,a,175.20162660485,TRUE,-51.5935178778729,0
AOP - AOC,182.220102963363,188.507949397702,309,10.9402390912365,0,655.422286225402,85.8321895723261,140.843579325773,149.383009053613,182.220102963363,a,practice_feed,feed_A.5.1_max,milk,AOP - AOC,AOP - AOC,655.422286225402,a,175.20162660485,FALSE,4.00594246441682,0.9985
Beurre de Charentes-Poitou,161.156468913538,186.326974243366,496,8.635057120866,0,655.422286225402,57.4712879604739,91.7356249755906,149.383009053613,161.156468913538,a,practice_feed,feed_A.5.1_max,milk,Beurre de Charentes-Poitou,Beurre de Charentes-Poitou,655.422286225402,a,175.20162660485,FALSE,-8.01656808985509,0.7677
Bleu d'Auvergne - Cantal,150.632751057058,200.534470592696,338,10.4603858095755,0,655.422286225402,32.1840693155342,85.8321895723261,149.383009053613,150.632751057058,a,practice_feed,feed_A.5.1_max,milk,Bleu d'Auvergne - Cantal,Bleu d'Auvergne - Cantal,655.422286225402,a,175.20162660485,FALSE,-14.0232005968781,0.2972
Comte - Morbier,172.451536133239,195.154868928909,309,10.9402390912365,0,655.422286225402,54.8820497945764,111.656081419846,149.383009053613,172.451536133239,a,practice_feed,feed_A.5.1_max,milk,Comte - Morbier,Comte - Morbier,655.422286225402,a,175.20162660485,FALSE,-1.5696717689804,1
Conventionnel,175.20162660485,190.457398993393,6925,2.31097987857736,0,655.422286225402,71.6697213065358,118.078227082318,149.383009053613,175.20162660485,a,practice_feed,feed_A.5.1_max,milk,Conventionnel,Conventionnel,655.422286225402,a,175.20162660485,FALSE,0,NA
Fromages de Savoie,148.304815771396,200.599723563842,239,12.4396196739859,0,655.422286225402,31.4064348852685,85.8321895723261,146.007575736412,148.304815771396,a,practice_feed,feed_A.5.1_max,milk,Fromages de Savoie,Fromages de Savoie,655.422286225402,a,175.20162660485,FALSE,-15.3519184465778,0.3981
Munster,164.385421517359,189.473551840785,310,10.922579291037,0,655.422286225402,67.4329728075078,101.708479146652,149.383009053613,164.385421517359,a,practice_feed,feed_A.5.1_max,milk,Munster,Munster,655.422286225402,a,175.20162660485,FALSE,-6.17357572363497,0.9788
AB,5105.53531797153,3122.8156619845,526,142.228397091961,384.615384615385,14441.0414090995,2450,4494.35295345174,6445.69697753633,5105.53531797153,d,practice_feed,feed_yield,milk,AB,AB,74111.1111111111,ab,6480.77080145083,TRUE,-21.2202456407103,0
AOP - AOC,6678.50825021212,3256.2225579734,372,169.124964218081,1011.56069364162,14115.0831339421,4811.52429452423,6413.48711259131,8309.24229432736,6678.50825021212,a,practice_feed,feed_yield,milk,AOP - AOC,AOP - AOC,74111.1111111111,ab,6480.77080145083,FALSE,3.05114090313194,0.9472
Beurre de Charentes-Poitou,6514.53211017817,3119.63508115516,581,135.329077531922,560.747663551402,12381.8918918919,3714.55877668047,6413.48711259131,8475.82937980558,6514.53211017817,ab,practice_feed,feed_yield,milk,Beurre de Charentes-Poitou,Beurre de Charentes-Poitou,74111.1111111111,ab,6480.77080145083,FALSE,0.520945883779575,1
Bleu d'Auvergne - Cantal,5947.49859258428,2875.78566492894,414,160.316793190792,671.998435678635,12238.2716154115,3999.18046522714,6226.3839047173,7423.19768237021,5947.49859258428,bc,practice_feed,feed_yield,milk,Bleu d'Auvergne - Cantal,Bleu d'Auvergne - Cantal,74111.1111111111,ab,6480.77080145083,FALSE,-8.22853060545155,0.026
Comte - Morbier,5812.2388966837,2860.89952409653,377,167.999702460402,712.727272727273,12206.288357163,3200,6096.97819002256,7423.19768237021,5812.2388966837,c,practice_feed,feed_yield,milk,Comte - Morbier,Comte - Morbier,74111.1111111111,ab,6480.77080145083,TRUE,-10.3156233301363,0.0025
Conventionnel,6480.77080145083,3343.61200996491,8172,36.0840277952817,51.698670605613,74111.1111111111,3688.09009252381,6413.48711259131,7423.19768237021,6480.77080145083,ab,practice_feed,feed_yield,milk,Conventionnel,Conventionnel,74111.1111111111,ab,6480.77080145083,FALSE,0,NA
Fromages de Savoie,5975.61383857743,2762.48902501642,287,192.547657434762,1766.76562593607,15117.6470588235,3899.30750843645,6226.3839047173,7397.88299059461,5975.61383857743,abc,practice_feed,feed_yield,milk,Fromages de Savoie,Fromages de Savoie,74111.1111111111,ab,6480.77080145083,FALSE,-7.79470495639667,0.1637
Munster,6258.3459978073,2976.7978856061,359,172.159884797298,1000,15174.0475957301,4000,6413.48711259131,7423.19768237021,6258.3459978073,abc,practice_feed,feed_yield,milk,Munster,Munster,74111.1111111111,ab,6480.77080145083,FALSE,-3.43207328970391,0.9119
