production_type,product_name,FQS,n,BVI_ha,BVI_kg,statistique,A.3.1_max,A.4.5_max,A.4.5_min_max,A.4.5_org_max,A.5.1_max,yield,cow_pMFA,feed_autonomy,grassland_share_pseudofarm,ha_temp_pasture_pha_pseudofarm,kg_DM_panim_maize_produced,MFA_pcow,MFA_pha_pseudofarm,nb_cow_pha,share_concent,share_soybean,yield_l_panim,yield_l_pha,feed_A.3.1_max,feed_A.4.5_max,feed_A.4.5_min_max,feed_A.4.5_org_max,feed_A.5.1_max,feed_yield
milk,AB,AB,59,0.0935407521318799,6.03975574320913e-05,mean,NA,NA,NA,NA,NA,NA,0.945918386977249,0.755302650892321,0.278414300690325,0.297326932429485,1462.22543871533,1.20253215590077,0.605662401615675,0.554224005295922,0.233980521419953,0.0344640677297455,4783.0297758319,2533.59538822372,87.9091231058394,297.5331326534,28.6974248103845,302.605093996965,84.8089440601526,5105.53531797153
milk,AB,AB,59,0.0185323965843486,6.40279936225272e-05,sd,NA,NA,NA,NA,NA,NA,0.378674751588875,0.175684283356568,0.23224648284031,0.2741507711608,716.525774899815,0.424690595369497,0.202712669299131,0.246144088408898,0.179466139805233,0.0296834955182128,1501.91995855167,1169.32291194292,93.0445731944148,220.934110616191,83.2168097709658,230.586313455668,217.880185016608,3122.8156619845
milk,AB,AB,59,0.0568412013132092,1.23983165638332e-05,q0,NA,NA,NA,NA,NA,NA,0.373112892833614,0.259766550580432,0,0.00744866755607764,491.973916917118,0.383179155401869,0.106850810859957,0.16134928408981,0,0,1876,302.691256952484,0,0,0,0,0,384.615384615385
milk,AB,AB,59,0.0825899842577806,3.27019590473891e-05,q25,NA,NA,NA,NA,NA,NA,0.678744890162798,0.643799904287476,0.0947219773484166,0.0721499236377124,886.161019020942,0.867349763116311,0.48108587472593,0.320209211969778,0.10008895783284,0.0108995526813622,3891.73996752131,1761.52789257888,37.7451826636679,141.777327481303,0,141.777327481303,0,2450
milk,AB,AB,59,0.0941748350656324,4.38006235710574e-05,q50,NA,NA,NA,NA,NA,NA,0.857709288703573,0.798647942449875,0.251630112683888,0.198503926305394,1224.14773296686,1.16589619952875,0.618023514094041,0.530946870012407,0.219838304224067,0.0278429445866926,4757.73913043478,2209.93886315919,54.4735508509441,188.213078230061,0,188.213078230061,1.16919186045105,4494.35295345174
milk,AB,AB,59,0.104395619735475,6.80872328990906e-05,q75,NA,NA,NA,NA,NA,NA,1.15295592019028,0.884875830809227,0.393060331882329,0.481937367824584,1866.03281760397,1.47342586911235,0.750154740987773,0.753003336082419,0.313674911088581,0.0481936798505727,5398.76989348371,3182.69657142873,84.6259731792909,421.466390471991,0,427.704173070267,5.03680850851167,6445.69697753633
milk,AB,AB,59,0.150875339138111,0.00047633400968696,q100,NA,NA,NA,NA,NA,NA,2.60974530034449,1,0.858733819000708,1,3117.82837851039,2.68015396735685,1,0.990753297301779,0.750492821825612,0.126430510991131,9381.76197836167,5947.36046239017,321.739932119543,776.682003923228,269.550811611826,813.39360039298,655.422286225402,14441.0414090995
milk,AB,AB,59,0.150875339138111,0.00047633400968696,max,NA,NA,NA,NA,NA,NA,2.60974530034449,1,0.858733819000708,1,3117.82837851039,2.68015396735685,1,0.990753297301779,0.750492821825612,0.126430510991131,9381.76197836167,5947.36046239017,321.739932119543,776.682003923228,269.550811611826,813.39360039298,655.422286225402,14441.0414090995
crop,Autres cereales,AB,40,0.111579058270123,6.99296627161486e-05,mean,47.2679116533837,238.758248055567,0,239.355648389144,2.75694179816897,2764.68313155791,NA,NA,NA,NA,NA,NA,NA,NA,NA,NA,NA,NA,NA,NA,NA,NA,NA,NA
crop,Autres cereales,AB,40,0.0394816186783799,9.10748202232788e-05,sd,47.7436759194315,165.88340029736,0,167.838871125214,8.87958865950504,1427.21590275568,NA,NA,NA,NA,NA,NA,NA,NA,NA,NA,NA,NA,NA,NA,NA,NA,NA,NA
crop,Autres cereales,AB,40,0.0575436606272772,2.08602155785583e-05,q0,0,44.8944915582142,0,44.8944915582142,0,249.074074074074,NA,NA,NA,NA,NA,NA,NA,NA,NA,NA,NA,NA,NA,NA,NA,NA,NA,NA
crop,Autres cereales,AB,40,0.0856564218551803,2.82952084668502e-05,q25,16.9686923352008,144.553051173948,0,144.553051173948,0,2065.20287788437,NA,NA,NA,NA,NA,NA,NA,NA,NA,NA,NA,NA,NA,NA,NA,NA,NA,NA
crop,Autres cereales,AB,40,0.103247183031226,3.58354609781711e-05,q50,29.2643509568682,217.366515306367,0,217.366515306367,0,2692.02898550725,NA,NA,NA,NA,NA,NA,NA,NA,NA,NA,NA,NA,NA,NA,NA,NA,NA,NA
crop,Autres cereales,AB,40,0.137309145982604,5.87028741497002e-05,q75,56.550008854289,309.805215224997,0,309.805215224997,0.455458503584558,3561.11842105263,NA,NA,NA,NA,NA,NA,NA,NA,NA,NA,NA,NA,NA,NA,NA,NA,NA,NA
crop,Autres cereales,AB,40,0.224358442409452,0.00041566997092287,q100,216.984643179765,759.640919231174,0,783.536932574232,52.3093075643589,6058.55855855856,NA,NA,NA,NA,NA,NA,NA,NA,NA,NA,NA,NA,NA,NA,NA,NA,NA,NA
crop,Autres cereales,AB,40,0.224358442409452,0.00041566997092287,max,216.984643179765,759.640919231174,0,783.536932574232,52.3093075643589,6058.55855855856,NA,NA,NA,NA,NA,NA,NA,NA,NA,NA,NA,NA,NA,NA,NA,NA,NA,NA
crop,Ble tendre,AB,81,0.111164932559763,4.14701554970735e-05,mean,51.2426381300676,205.797412064678,0,206.97746210631,6.51471488906772,3361.25446907165,NA,NA,NA,NA,NA,NA,NA,NA,NA,NA,NA,NA,NA,NA,NA,NA,NA,NA
crop,Ble tendre,AB,81,0.0448074705730281,2.53069551177567e-05,sd,59.8282309015976,194.580035947301,0,198.020192457947,15.1842150213008,1792.47856841044,NA,NA,NA,NA,NA,NA,NA,NA,NA,NA,NA,NA,NA,NA,NA,NA,NA,NA
crop,Ble tendre,AB,81,0.0577263670307231,8.27734115621008e-06,q0,0,49.2756231178666,0,49.2756231178666,0,843.170320404722,NA,NA,NA,NA,NA,NA,NA,NA,NA,NA,NA,NA,NA,NA,NA,NA,NA,NA
crop,Ble tendre,AB,81,0.0830887025550822,2.70458764906959e-05,q25,9.39886187273668,49.2756231178666,0,49.2756231178666,0,2090.59233449477,NA,NA,NA,NA,NA,NA,NA,NA,NA,NA,NA,NA,NA,NA,NA,NA,NA,NA
crop,Ble tendre,AB,81,0.094118588941573,3.42457695032521e-05,q50,31.5925453966231,166.528175225284,0,166.528175225284,0,2964.70588235294,NA,NA,NA,NA,NA,NA,NA,NA,NA,NA,NA,NA,NA,NA,NA,NA,NA,NA
crop,Ble tendre,AB,81,0.125545601924287,4.94371858255019e-05,q75,67.8385329840438,259.437544111363,0,259.437544111363,3.77022796854946,3898.82854100106,NA,NA,NA,NA,NA,NA,NA,NA,NA,NA,NA,NA,NA,NA,NA,NA,NA,NA
crop,Ble tendre,AB,81,0.289761085752458,0.00013098915776484,q100,246.166070798635,759.640919231174,0,783.536932574232,72.0979164674928,8935.96905887409,NA,NA,NA,NA,NA,NA,NA,NA,NA,NA,NA,NA,NA,NA,NA,NA,NA,NA
crop,Ble tendre,AB,81,0.289761085752458,0.00013098915776484,max,246.166070798635,759.640919231174,0,783.536932574232,72.0979164674928,8935.96905887409,NA,NA,NA,NA,NA,NA,NA,NA,NA,NA,NA,NA,NA,NA,NA,NA,NA,NA
crop,Mais grain,AB,33,0.138821645595085,3.65947758137932e-05,mean,59.8025606347381,425.518378676904,0,432.03547322501,3.37213626719884,4636.54015507015,NA,NA,NA,NA,NA,NA,NA,NA,NA,NA,NA,NA,NA,NA,NA,NA,NA,NA
crop,Mais grain,AB,33,0.0407325994297885,1.77345487274287e-05,sd,46.681402738975,266.512243564578,0,275.021246524958,8.09600864016637,2335.35249518,NA,NA,NA,NA,NA,NA,NA,NA,NA,NA,NA,NA,NA,NA,NA,NA,NA,NA
crop,Mais grain,AB,33,0.0707480899024121,1.01959086571257e-05,q0,0,127.4426878009,0,127.4426878009,0,1481.67539267016,NA,NA,NA,NA,NA,NA,NA,NA,NA,NA,NA,NA,NA,NA,NA,NA,NA,NA
crop,Mais grain,AB,33,0.1163021261425,2.44573448340697e-05,q25,24.8037117538873,127.4426878009,0,127.4426878009,0,2666.66666666667,NA,NA,NA,NA,NA,NA,NA,NA,NA,NA,NA,NA,NA,NA,NA,NA,NA,NA
crop,Mais grain,AB,33,0.13062724368454,3.0552336888968e-05,q50,55.4041289788027,449.268087798556,0,449.268087798556,0,4263.86233269598,NA,NA,NA,NA,NA,NA,NA,NA,NA,NA,NA,NA,NA,NA,NA,NA,NA,NA
crop,Mais grain,AB,33,0.164196372621919,4.98105124077154e-05,q75,84.2273948075201,759.640919231174,0,783.536932574232,1.71586345356603,5500,NA,NA,NA,NA,NA,NA,NA,NA,NA,NA,NA,NA,NA,NA,NA,NA,NA,NA
crop,Mais grain,AB,33,0.247520443629366,8.02727689832933e-05,q100,216.984643179765,759.640919231174,0,783.536932574232,34.0618746930709,9693.84662018793,NA,NA,NA,NA,NA,NA,NA,NA,NA,NA,NA,NA,NA,NA,NA,NA,NA,NA
crop,Mais grain,AB,33,0.247520443629366,8.02727689832933e-05,max,216.984643179765,759.640919231174,0,783.536932574232,34.0618746930709,9693.84662018793,NA,NA,NA,NA,NA,NA,NA,NA,NA,NA,NA,NA,NA,NA,NA,NA,NA,NA
crop,Melange cereales d'ete,AB,42,0.100015369902137,3.75413716942653e-05,mean,31.0015768583546,251.675684372813,0,253.382542468745,0.901110194158728,3195.05266578021,NA,NA,NA,NA,NA,NA,NA,NA,NA,NA,NA,NA,NA,NA,NA,NA,NA,NA
crop,Melange cereales d'ete,AB,42,0.0273223440525319,2.03228216920072e-05,sd,43.4270523687465,178.333627792251,0,183.3521838412,2.19633888397988,1299.35124914483,NA,NA,NA,NA,NA,NA,NA,NA,NA,NA,NA,NA,NA,NA,NA,NA,NA,NA
crop,Melange cereales d'ete,AB,42,0.058102896153298,1.28947448901219e-05,q0,0,44.8944915582142,0,44.8944915582142,0,1058.68118572293,NA,NA,NA,NA,NA,NA,NA,NA,NA,NA,NA,NA,NA,NA,NA,NA,NA,NA
crop,Melange cereales d'ete,AB,42,0.0819233757726053,2.44810701830687e-05,q25,0.168535866200655,162.751629454881,0,162.751629454881,0,2014.93305870237,NA,NA,NA,NA,NA,NA,NA,NA,NA,NA,NA,NA,NA,NA,NA,NA,NA,NA
crop,Melange cereales d'ete,AB,42,0.0919339684439583,3.02248241707612e-05,q50,20.7320279051337,205.434972873648,0,205.434972873648,0,3000,NA,NA,NA,NA,NA,NA,NA,NA,NA,NA,NA,NA,NA,NA,NA,NA,NA,NA
crop,Melange cereales d'ete,AB,42,0.119414034406653,4.54631295789367e-05,q75,41.2312762622041,261.314118348396,0,261.314118348396,0.555592450944657,4241.65029469548,NA,NA,NA,NA,NA,NA,NA,NA,NA,NA,NA,NA,NA,NA,NA,NA,NA,NA
crop,Melange cereales d'ete,AB,42,0.192134356780873,0.00010292103234029,q100,246.166070798635,759.640919231174,0,783.536932574232,11.3433724408451,6333.33333333333,NA,NA,NA,NA,NA,NA,NA,NA,NA,NA,NA,NA,NA,NA,NA,NA,NA,NA
crop,Melange cereales d'ete,AB,42,0.192134356780873,0.00010292103234029,max,246.166070798635,759.640919231174,0,783.536932574232,11.3433724408451,6333.33333333333,NA,NA,NA,NA,NA,NA,NA,NA,NA,NA,NA,NA,NA,NA,NA,NA,NA,NA
crop,Triticale,AB,36,0.10635375255692,3.84749174670777e-05,mean,50.7955950752107,207.811946975136,0,209.139503271972,2.93164454919973,3244.2303683971,NA,NA,NA,NA,NA,NA,NA,NA,NA,NA,NA,NA,NA,NA,NA,NA,NA,NA
crop,Triticale,AB,36,0.0423230810219389,2.43685220042033e-05,sd,49.0649196584628,214.302395841967,0,217.860881722004,8.88856279690285,1317.66485348001,NA,NA,NA,NA,NA,NA,NA,NA,NA,NA,NA,NA,NA,NA,NA,NA,NA,NA
crop,Triticale,AB,36,0.0576495683229472,1.67711138987746e-05,q0,0,45.5863840387558,0,45.5863840387558,0,1028.57142857143,NA,NA,NA,NA,NA,NA,NA,NA,NA,NA,NA,NA,NA,NA,NA,NA,NA,NA
crop,Triticale,AB,36,0.0787470651302812,2.30454476750333e-05,q25,21.4424334476329,45.5863840387558,0,45.5863840387558,0,2421.51110658737,NA,NA,NA,NA,NA,NA,NA,NA,NA,NA,NA,NA,NA,NA,NA,NA,NA,NA
crop,Triticale,AB,36,0.0942415411434856,3.07463008072188e-05,q50,37.4167424492723,161.175504441571,0,161.175504441571,0.127765400318845,3024.95820396465,NA,NA,NA,NA,NA,NA,NA,NA,NA,NA,NA,NA,NA,NA,NA,NA,NA,NA
crop,Triticale,AB,36,0.122578725694241,4.14232777086472e-05,q75,65.5839676095299,217.458172746161,0,217.458172746161,2.62164873875859,4405.5424965978,NA,NA,NA,NA,NA,NA,NA,NA,NA,NA,NA,NA,NA,NA,NA,NA,NA,NA
crop,Triticale,AB,36,0.238235870486259,0.00014194901313946,q100,216.984643179765,759.640919231174,0,783.536932574232,52.3093075643589,6060.34482758621,NA,NA,NA,NA,NA,NA,NA,NA,NA,NA,NA,NA,NA,NA,NA,NA,NA,NA
crop,Triticale,AB,36,0.238235870486259,0.00014194901313946,max,216.984643179765,759.640919231174,0,783.536932574232,52.3093075643589,6060.34482758621,NA,NA,NA,NA,NA,NA,NA,NA,NA,NA,NA,NA,NA,NA,NA,NA,NA,NA
milk,AOP - AOC,AOP - AOC,39,0.155688077218499,5.98721288897411e-05,mean,NA,NA,NA,NA,NA,NA,1.17775446864636,0.63535806510816,0.331471693444412,0.0613532607532864,3031.49617985754,0.995961014600032,0.49106985545211,0.525822958204502,0.353952732596042,0.0562238298957303,6570.41233648593,3302.04073130741,101.694313564167,342.025160685169,121.51426982542,252.57319026702,182.220102963363,6678.50825021212
milk,AOP - AOC,AOP - AOC,39,0.0379614571255786,9.63778220571874e-06,sd,NA,NA,NA,NA,NA,NA,0.517001441061559,0.120838397541953,0.198426668177856,0.0454932222936358,1024.96544278212,0.426680070369859,0.160622413012215,0.158128351489724,0.13025740090659,0.0207859676893721,1842.79754961341,836.292158650123,95.3387743562628,225.869969729786,85.1859640777905,260.501375203514,188.507949397702,3256.2225579734
milk,AOP - AOC,AOP - AOC,39,0.0741913559840486,4.24694984382352e-05,q0,NA,NA,NA,NA,NA,NA,0.408192603449534,0.338870218581172,0.0342586964182481,0.000296766801822726,1350.84339165521,0.30394811011236,0.18499696065854,0.267212915162571,0.0366324163381696,0.00625674929997591,3259.88530033203,1295.79494541586,0,20.3675386586235,0,16.7260690970475,0,1011.56069364162
milk,AOP - AOC,AOP - AOC,39,0.131344987939552,5.39957685593217e-05,q25,NA,NA,NA,NA,NA,NA,0.914680258443187,0.561209700629866,0.169450616937378,0.0200173920939609,2118.65024652712,0.737491214272499,0.360285632549545,0.409644339350863,0.263502851721125,0.0424753412848915,5341.95289670823,2938.42355314886,45.3747445559041,178.249060976064,39.1768876729827,66.9404223790673,85.8321895723261,4811.52429452423
milk,AOP - AOC,AOP - AOC,39,0.155503213677111,5.79766493724283e-05,q50,NA,NA,NA,NA,NA,NA,1.03922942771762,0.662247145856578,0.29264701533241,0.0493462303952177,2833.56814758042,0.962251427190836,0.535428077347204,0.518954206002231,0.338976907840005,0.0544126757705014,6681.15942028986,3464.15613597952,58.5268122347731,254.318764269905,110.794915226347,161.971005016714,140.843579325773,6413.48711259131
milk,AOP - AOC,AOP - AOC,39,0.180892724573103,6.46087497134485e-05,q75,NA,NA,NA,NA,NA,NA,1.35713279101342,0.715506080333232,0.456264220786637,0.106624059338641,3768.26503241986,1.09401028161929,0.589831544264769,0.59928911348786,0.469561723346384,0.0742049236219329,7794.56566685182,3797.47518455324,92.1493945868946,522.369856564113,173.488403527556,409.755102923673,149.383009053613,8309.24229432736
milk,AOP - AOC,AOP - AOC,39,0.271137780991464,8.2317888059309e-05,q100,NA,NA,NA,NA,NA,NA,3.29003526171073,0.837645322699797,0.724686600816976,0.153707494721129,5212.81635767384,2.44982391045122,0.841443863100432,0.943828160359962,0.583196044814601,0.0930956480720704,10497.5384615385,4999.47755275542,321.739932119543,776.682003923228,269.550811611826,813.39360039298,655.422286225402,14115.0831339421
milk,AOP - AOC,AOP - AOC,39,0.271137780991464,8.2317888059309e-05,max,NA,NA,NA,NA,NA,NA,3.29003526171073,0.837645322699797,0.724686600816976,0.153707494721129,5212.81635767384,2.44982391045122,0.841443863100432,0.943828160359962,0.583196044814601,0.0930956480720704,10497.5384615385,4999.47755275542,321.739932119543,776.682003923228,269.550811611826,813.39360039298,655.422286225402,14115.0831339421
milk,Beurre de Charentes-Poitou,Beurre de Charentes-Poitou,60,0.169916878996856,6.25279449836625e-05,mean,NA,NA,NA,NA,NA,NA,1.27665764977449,0.634335533322689,0.161872580393268,0.144712165362309,3300.44418144449,0.916927270216854,0.456350579207857,0.514698755875434,0.373811941541337,0.0583379356776889,6968.09696767134,3477.75241166549,90.6215292214855,321.020411336143,115.554705422436,235.858442259885,161.156468913538,6514.53211017817
milk,Beurre de Charentes-Poitou,Beurre de Charentes-Poitou,60,0.0350689167979069,1.44747100598185e-05,sd,NA,NA,NA,NA,NA,NA,0.773043283148406,0.136936289020944,0.129821701538251,0.130616289230201,1543.770093897,0.324903655817154,0.156389221514569,0.126657270704254,0.147315970256791,0.025759880881947,1767.98285556731,933.936792658471,89.3092217155591,219.450836419214,81.5303536489064,249.318486332847,186.326974243366,3119.63508115516
milk,Beurre de Charentes-Poitou,Beurre de Charentes-Poitou,60,0.0751213610843369,3.2969623928434e-05,q0,NA,NA,NA,NA,NA,NA,0.50064687481021,0.262727066162134,0,0.00130139911030113,325.431106124352,0.156856007047568,0.100554526968732,0.29112469295557,0,0,2452.61728395062,1230.38279332601,0,13.096855468115,0,7.82297776906494,0,560.747663551402
milk,Beurre de Charentes-Poitou,Beurre de Charentes-Poitou,60,0.154053244974968,5.23209575756167e-05,q25,NA,NA,NA,NA,NA,NA,0.91982223331846,0.541371410431823,0.0413965875662395,0.0666874742312705,2155.98628720665,0.733433431986784,0.35070280190443,0.431654929859747,0.317821080878886,0.0451660654903858,6310.82371887667,2805.6149785615,45.3747445559041,178.249060976064,43.8458810674916,66.4628484818692,57.4712879604739,3714.55877668047
milk,Beurre de Charentes-Poitou,Beurre de Charentes-Poitou,60,0.173372795889079,6.17555267966144e-05,q50,NA,NA,NA,NA,NA,NA,1.18470714408985,0.635497104876962,0.143885678767439,0.112098438204904,2992.88769048606,0.844103544845711,0.447199233117036,0.502143678752445,0.372454832316479,0.0608222857568394,7487.37003981969,3595.96123963055,58.5268122347731,227.759547284215,110.794915226347,161.971005016714,91.7356249755906,6413.48711259131
milk,Beurre de Charentes-Poitou,Beurre de Charentes-Poitou,60,0.189283204948637,7.22253825356948e-05,q75,NA,NA,NA,NA,NA,NA,1.36349453766751,0.712572740472318,0.244777480202463,0.176501375901006,4531.3202649221,1.08716993394548,0.551696869722617,0.584430562879578,0.462526840219172,0.075364681005936,8070.04556263864,4099.85283737262,88.4765146803705,421.466390471991,173.488403527556,303.153307738059,149.383009053613,8475.82937980558
milk,Beurre de Charentes-Poitou,Beurre de Charentes-Poitou,60,0.251161686923533,0.00010856443269237,q100,NA,NA,NA,NA,NA,NA,6.37527385034569,0.96642242344731,0.45040565272674,0.785584315431159,6665.51208860843,1.99741584400999,0.882319828641289,0.827772581796372,0.772834374670133,0.125924860377685,9732.18142548596,5693.15876950394,321.739932119543,776.682003923228,269.550811611826,813.39360039298,655.422286225402,12381.8918918919
milk,Beurre de Charentes-Poitou,Beurre de Charentes-Poitou,60,0.251161686923533,0.00010856443269237,max,NA,NA,NA,NA,NA,NA,6.37527385034569,0.96642242344731,0.45040565272674,0.785584315431159,6665.51208860843,1.99741584400999,0.882319828641289,0.827772581796372,0.772834374670133,0.125924860377685,9732.18142548596,5693.15876950394,321.739932119543,776.682003923228,269.550811611826,813.39360039298,655.422286225402,12381.8918918919
milk,Bleu d'Auvergne - Cantal,Bleu d'Auvergne - Cantal,43,0.136470233663814,6.03423331428315e-05,mean,NA,NA,NA,NA,NA,NA,0.873972277000037,0.621124999835837,0.388871195737118,0.133076757071323,1067.79408323201,1.22064578120294,0.552076400384906,0.46529529963624,0.359003977269238,0.0535716594783771,6399.98745736788,2955.58026739284,92.9609397005949,349.230436368797,116.015242784982,266.506670979658,150.632751057058,5947.49859258428
milk,Bleu d'Auvergne - Cantal,Bleu d'Auvergne - Cantal,43,0.0313561344272389,1.29312276820732e-05,sd,NA,NA,NA,NA,NA,NA,0.218715195190897,0.129780470751322,0.174996967640996,0.0993197531889616,489.650018129844,0.321797697949058,0.126671599261722,0.0908315102361514,0.13407110019526,0.0217974623865165,1500.64651071521,889.501440276822,90.8297822198044,219.711215519234,81.5452402393975,257.866959359942,200.534470592696,2875.78566492894
milk,Bleu d'Auvergne - Cantal,Bleu d'Auvergne - Cantal,43,0.06118362438,3.86039404951344e-05,q0,NA,NA,NA,NA,NA,NA,0.513913886004644,0.375384737835609,0.135629067157432,0.0058681047041758,18.3679083170018,0.733786937812439,0.332036182531807,0.297925069421474,0.0872336903408184,0.00620446370798086,2629.56989247312,1188.88926712516,0,25.153449416544,0,21.5554876783206,0,671.998435678635
milk,Bleu d'Auvergne - Cantal,Bleu d'Auvergne - Cantal,43,0.11575247986411,5.01973704325692e-05,q25,NA,NA,NA,NA,NA,NA,0.699006697975743,0.528803536776426,0.261832676303234,0.0649895704496586,838.424089805519,0.952494834169212,0.463809434738508,0.400783692260849,0.267036886618143,0.0399705088244707,5726.5868368574,2342.42796700812,45.3747445559041,179.428001642406,42.75094743365,66.9404223790673,32.1840693155342,3999.18046522714
milk,Bleu d'Auvergne - Cantal,Bleu d'Auvergne - Cantal,43,0.142570114589736,5.99115901815752e-05,q50,NA,NA,NA,NA,NA,NA,0.876520216895957,0.609311867147174,0.34578549946011,0.110305714983568,1053.05496883386,1.14087499720352,0.514636535126618,0.487794344936569,0.373484981129189,0.0554805519696699,6388.26330532213,2784.59210484594,58.5268122347731,273.701793737188,110.794915226347,166.014660199873,85.8321895723261,6226.3839047173
milk,Bleu d'Auvergne - Cantal,Bleu d'Auvergne - Cantal,43,0.158569406813385,6.78417181113664e-05,q75,NA,NA,NA,NA,NA,NA,1.04987756596239,0.704725057938654,0.483090419257367,0.191379198855764,1378.13086990345,1.43072480646393,0.637513981030386,0.524380091707577,0.450867291280549,0.0688986827638429,7547.93972570194,3545.70659008411,74.9279385705848,508.130874497426,173.488403527556,432.074654113557,149.383009053613,7423.19768237021
milk,Bleu d'Auvergne - Cantal,Bleu d'Auvergne - Cantal,43,0.184549893255015,9.78481170126694e-05,q100,NA,NA,NA,NA,NA,NA,1.36279340564605,0.902299708719139,0.879764301104714,0.417813521604933,2218.80446958911,1.94585129383128,0.879764301104714,0.602755140603493,0.63964298385187,0.100181885248257,9127.70562770563,5396.12491886019,321.739932119543,776.682003923228,269.550811611826,813.39360039298,655.422286225402,12238.2716154115
milk,Bleu d'Auvergne - Cantal,Bleu d'Auvergne - Cantal,43,0.184549893255015,9.78481170126694e-05,max,NA,NA,NA,NA,NA,NA,1.36279340564605,0.902299708719139,0.879764301104714,0.417813521604933,2218.80446958911,1.94585129383128,0.879764301104714,0.602755140603493,0.63964298385187,0.100181885248257,9127.70562770563,5396.12491886019,321.739932119543,776.682003923228,269.550811611826,813.39360039298,655.422286225402,12238.2716154115
milk,Comte - Morbier,Comte - Morbier,41,0.124786679333308,6.31280337340339e-05,mean,NA,NA,NA,NA,NA,NA,0.674613862381223,0.670948689959486,0.460035830355127,0.169044528272054,458.003462307133,1.53053209685348,0.591108716229013,0.392531058743197,0.334087019286993,0.0506792037238152,6665.55540808162,2589.56843647016,82.68693803441,319.026915101573,109.259606208824,244.219679125546,172.451536133239,5812.2388966837
milk,Comte - Morbier,Comte - Morbier,41,0.0228311738525847,1.45944062185066e-05,sd,NA,NA,NA,NA,NA,NA,0.12190789844861,0.0965075353213697,0.173709273549644,0.143537492478928,218.941804850554,0.282957709098132,0.0957670176404176,0.0617542339304995,0.0846392594928677,0.0157500147913057,1056.15594844303,451.547853483686,95.3462631037662,214.443481499923,79.2145446997889,250.133518203145,195.154868928909,2860.89952409653
milk,Comte - Morbier,Comte - Morbier,41,0.0414038448435057,1.90851493762883e-05,q0,NA,NA,NA,NA,NA,NA,0.427630680741523,0.471024800178498,0,0.00915795093918432,235.460545041071,0.979779946100619,0.38934072667207,0.264489924622987,0.0653452836069235,0.00475200701133379,4000.21203718806,1468.2655177193,0,18.2453048649614,0,15.0833939281805,0,712.727272727273
milk,Comte - Morbier,Comte - Morbier,41,0.112774657337343,5.74513759174816e-05,q25,NA,NA,NA,NA,NA,NA,0.604962801246172,0.60580083903122,0.324832522585195,0.0761177064182711,282.270168479762,1.34856776412197,0.538941319012001,0.352214541158511,0.288383183828224,0.0425482020727078,5990.25517751479,2329.42749219263,45.2953854655982,178.249060976064,35.5487234470203,66.9404223790673,54.8820497945764,3200
milk,Comte - Morbier,Comte - Morbier,41,0.122954498959774,6.29857018879563e-05,q50,NA,NA,NA,NA,NA,NA,0.687333811450962,0.673537153514928,0.472501665243196,0.119906207771114,401.077585953787,1.45489714508442,0.598269481055708,0.390667938475257,0.33524837922419,0.0520925171845024,6901.77604871448,2561.23153518384,55.1647906253309,220.118644925824,110.482427915366,161.971005016714,111.656081419846,6096.97819002256
milk,Comte - Morbier,Comte - Morbier,41,0.142375519525786,6.95744379942745e-05,q75,NA,NA,NA,NA,NA,NA,0.741527438668301,0.724430971384747,0.590698696851202,0.233558766526372,590.37626711576,1.65299419723012,0.62746163681999,0.442009039604454,0.395722794655557,0.0575314298576362,7337.33510329379,2894.39843385197,66.099927810591,353.193914418565,148.005664474767,281.359978157887,149.383009053613,7423.19768237021
milk,Comte - Morbier,Comte - Morbier,41,0.160051401845871,9.99095305332722e-05,q100,NA,NA,NA,NA,NA,NA,1.02063734206834,0.972177645142063,0.941412296256917,0.618624715237358,937.577690051355,2.33846645022283,0.941412296256917,0.528733925943567,0.523516779179814,0.0890336231708675,9012.03384261541,3449.43691103603,321.739932119543,776.682003923228,269.550811611826,813.39360039298,655.422286225402,12206.288357163
milk,Comte - Morbier,Comte - Morbier,41,0.160051401845871,9.99095305332722e-05,max,NA,NA,NA,NA,NA,NA,1.02063734206834,0.972177645142063,0.941412296256917,0.618624715237358,937.577690051355,2.33846645022283,0.941412296256917,0.528733925943567,0.523516779179814,0.0890336231708675,9012.03384261541,3449.43691103603,321.739932119543,776.682003923228,269.550811611826,813.39360039298,655.422286225402,12206.288357163
crop,Autres cereales,Conventionnel,172,0.182429129971823,0.000106585772090662,mean,47.5400480175618,206.992068661035,125.635450624244,78.1274458740147,74.2054372313459,3136.41471013263,NA,NA,NA,NA,NA,NA,NA,NA,NA,NA,NA,NA,NA,NA,NA,NA,NA,NA
crop,Autres cereales,Conventionnel,172,0.0763877475253604,0.000126149467314338,sd,51.1340859988784,126.820668186582,76.8103414563618,107.643537987667,53.3517154410841,1885.46279567055,NA,NA,NA,NA,NA,NA,NA,NA,NA,NA,NA,NA,NA,NA,NA,NA,NA,NA
crop,Autres cereales,Conventionnel,172,0.063510313523751,1.32325292340561e-05,q0,0,18.6819864716959,0,10.882197997632,0,197.550375345713,NA,NA,NA,NA,NA,NA,NA,NA,NA,NA,NA,NA,NA,NA,NA,NA,NA,NA
crop,Autres cereales,Conventionnel,172,0.127395343241988,3.61704668991933e-05,q25,7.83694470489939,130.046575413893,68.6030114134622,18.5900110404375,29.1318451226773,1694.81691211524,NA,NA,NA,NA,NA,NA,NA,NA,NA,NA,NA,NA,NA,NA,NA,NA,NA,NA
crop,Autres cereales,Conventionnel,172,0.170588924779957,5.95370988576664e-05,q50,32.8307561967958,191.950327528269,123.405113239328,58.0603601903413,64.9277247809238,2940.59498979238,NA,NA,NA,NA,NA,NA,NA,NA,NA,NA,NA,NA,NA,NA,NA,NA,NA,NA
crop,Autres cereales,Conventionnel,172,0.209275934656319,0.000104101929177362,q75,70.2768450095529,258.48896316225,182.776202554728,85.6784885586734,109.989844134521,4645.35519125683,NA,NA,NA,NA,NA,NA,NA,NA,NA,NA,NA,NA,NA,NA,NA,NA,NA,NA
crop,Autres cereales,Conventionnel,172,0.451428591954065,0.00073207236129323,q100,229.068824638592,759.640919231174,269.352906450692,783.536932574232,237.901963492964,8076.38888888889,NA,NA,NA,NA,NA,NA,NA,NA,NA,NA,NA,NA,NA,NA,NA,NA,NA,NA
crop,Autres cereales,Conventionnel,172,0.451428591954065,0.00073207236129323,max,229.068824638592,759.640919231174,269.352906450692,783.536932574232,237.901963492964,8076.38888888889,NA,NA,NA,NA,NA,NA,NA,NA,NA,NA,NA,NA,NA,NA,NA,NA,NA,NA
crop,Ble tendre,Conventionnel,3124,0.22397949276573,4.00696005383549e-05,mean,60.5662536330094,236.121094001466,174.517632814004,49.9233442041419,141.118924179277,6487.40826955236,NA,NA,NA,NA,NA,NA,NA,NA,NA,NA,NA,NA,NA,NA,NA,NA,NA,NA
crop,Ble tendre,Conventionnel,3124,0.0800802159117838,9.10528995885713e-05,sd,52.91677476763,122.800390044468,76.4448581992563,97.1130869693076,74.4448084322836,2144.57963517195,NA,NA,NA,NA,NA,NA,NA,NA,NA,NA,NA,NA,NA,NA,NA,NA,NA,NA
crop,Ble tendre,Conventionnel,3124,0.0550859812916545,9.50424747932846e-06,q0,0,10.5842660561162,0,6.19580475943394,0,51.698670605613,NA,NA,NA,NA,NA,NA,NA,NA,NA,NA,NA,NA,NA,NA,NA,NA,NA,NA
crop,Ble tendre,Conventionnel,3124,0.168696154078742,2.59553539387371e-05,q25,21.7372209805067,164.372401879212,121.235318525601,10.5842660561162,87.8947608404821,4970.66783520407,NA,NA,NA,NA,NA,NA,NA,NA,NA,NA,NA,NA,NA,NA,NA,NA,NA,NA
crop,Ble tendre,Conventionnel,3124,0.206667302763516,3.3450312784989e-05,q50,49.2468469821932,220.093403013456,184.15454542997,28.5995563829824,139.820440041406,6460.10039658437,NA,NA,NA,NA,NA,NA,NA,NA,NA,NA,NA,NA,NA,NA,NA,NA,NA,NA
crop,Ble tendre,Conventionnel,3124,0.269424428624512,4.42278669088721e-05,q75,86.1415954437333,285.650018709882,241.092698074847,43.816163058103,187.42639216082,8000.88576417848,NA,NA,NA,NA,NA,NA,NA,NA,NA,NA,NA,NA,NA,NA,NA,NA,NA,NA
crop,Ble tendre,Conventionnel,3124,0.500000028958637,0.00488032629182717,q100,246.166070798635,759.640919231174,269.352906450692,783.536932574232,452.767450826648,16710.7645174767,NA,NA,NA,NA,NA,NA,NA,NA,NA,NA,NA,NA,NA,NA,NA,NA,NA,NA
crop,Ble tendre,Conventionnel,3124,0.500000028958637,0.00488032629182717,max,246.166070798635,759.640919231174,269.352906450692,783.536932574232,452.767450826648,16710.7645174767,NA,NA,NA,NA,NA,NA,NA,NA,NA,NA,NA,NA,NA,NA,NA,NA,NA,NA
milk,Conventionnel,Conventionnel,879,0.169388399893028,6.07980350298002e-05,mean,NA,NA,NA,NA,NA,NA,1.35471338426751,0.603818424945509,0.218351562052168,0.127270521688035,3068.23440104884,0.875760786914578,0.439604036214396,0.528882032509226,0.396985883190723,0.0618845818256865,7102.33513821927,3662.40105627255,97.1903630514456,335.906194923467,120.236169188793,249.177115931117,175.20162660485,6480.77080145083
milk,Conventionnel,Conventionnel,879,0.0353875130039589,1.89902264369071e-05,sd,NA,NA,NA,NA,NA,NA,0.626909019487798,0.143900145522139,0.178196662806977,0.127249378481067,1364.92059909627,0.364357766971643,0.160031339344003,0.167313118841831,0.140803219833703,0.024229399808841,1710.17576662096,1206.69217701532,91.843130051301,220.532020254977,79.7945305854381,257.969846181147,190.457398993393,3343.61200996491
milk,Conventionnel,Conventionnel,879,0.0570241863203906,1.38656182908805e-05,q0,NA,NA,NA,NA,NA,NA,0.287861347996243,0,0,0.000252113135267936,99.4250972426092,0.189200808636081,0.0359341626203643,0.121588082759617,0,0,393.599137931034,315.047685548861,0,9.20648115663408,0,6.27713267342719,0,51.698670605613
milk,Conventionnel,Conventionnel,879,0.146571465771196,4.91004614110863e-05,q25,NA,NA,NA,NA,NA,NA,0.939282632529946,0.5072743968522,0.0728208447456499,0.0321410674063404,2185.78270392397,0.613903535434729,0.322528551219683,0.417351058820431,0.30819385475494,0.046053454240299,6065.76295147756,2892.36996099166,45.3747445559041,178.249060976064,49.8675350031785,66.9404223790673,71.6697213065358,3688.09009252381
milk,Conventionnel,Conventionnel,879,0.172951011169851,5.82823598598999e-05,q50,NA,NA,NA,NA,NA,NA,1.21462182094169,0.605125047236298,0.183830323676074,0.0842825037645052,3001.14474296804,0.823302064285694,0.431018340322965,0.502480430489337,0.399259171473594,0.0615753259071729,7296.67088607595,3573.6591776042,58.5268122347731,239.941833867123,110.794915226347,161.971005016714,118.078227082318,6413.48711259131
milk,Conventionnel,Conventionnel,879,0.193101268918231,6.98972617181099e-05,q75,NA,NA,NA,NA,NA,NA,1.62892075112453,0.704828530744887,0.336610108764125,0.183223345177955,3844.53384508738,1.06464243901087,0.546128615471349,0.60941623550092,0.490325531555496,0.0773315413750145,8337.98464398843,4251.37529120013,93.410101010101,480.891692367053,173.488403527556,386.596346664548,149.383009053613,7423.19768237021
milk,Conventionnel,Conventionnel,879,0.263435096107847,0.00025316698501158,q100,NA,NA,NA,NA,NA,NA,5.2853896725328,0.996461115150019,0.844495853862839,0.686906711565794,16451.6173163812,3.47389466130427,0.991551220982642,1.77437890939142,0.949313040481837,0.157601785739588,14315.44,11122.5696090047,321.739932119543,776.682003923228,269.550811611826,813.39360039298,655.422286225402,74111.1111111111
milk,Conventionnel,Conventionnel,879,0.263435096107847,0.00025316698501158,max,NA,NA,NA,NA,NA,NA,5.2853896725328,0.996461115150019,0.844495853862839,0.686906711565794,16451.6173163812,3.47389466130427,0.991551220982642,1.77437890939142,0.949313040481837,0.157601785739588,14315.44,11122.5696090047,321.739932119543,776.682003923228,269.550811611826,813.39360039298,655.422286225402,74111.1111111111
crop,Mais grain,Conventionnel,1641,0.24228848652483,3.97460639565465e-05,mean,65.9897670601827,364.961249630618,148.826724381163,222.017747924047,85.9419447124681,7419.48537814182,NA,NA,NA,NA,NA,NA,NA,NA,NA,NA,NA,NA,NA,NA,NA,NA,NA,NA
crop,Mais grain,Conventionnel,1641,0.0809677523991429,4.1039307751065e-05,sd,56.1228063081054,197.983954020136,70.9482841279487,232.567283565854,44.8138399160652,2864.21625144379,NA,NA,NA,NA,NA,NA,NA,NA,NA,NA,NA,NA,NA,NA,NA,NA,NA,NA
crop,Mais grain,Conventionnel,1641,0.0899746548007804,8.41334380026635e-06,q0,0,61.0824823782276,0,51.9475632637754,0,193.548387096774,NA,NA,NA,NA,NA,NA,NA,NA,NA,NA,NA,NA,NA,NA,NA,NA,NA,NA
crop,Mais grain,Conventionnel,1641,0.179564035600372,2.44312167167336e-05,q25,26.1832760595647,224.430243376869,97.9069354571457,61.0824823782276,56.488231867861,5363.33802156587,NA,NA,NA,NA,NA,NA,NA,NA,NA,NA,NA,NA,NA,NA,NA,NA,NA,NA
crop,Mais grain,Conventionnel,1641,0.224063271022879,3.28645791658053e-05,q50,53.8156028368794,304.651346249935,153.135959659488,126.199754012531,82.4542443585639,7352.94117647059,NA,NA,NA,NA,NA,NA,NA,NA,NA,NA,NA,NA,NA,NA,NA,NA,NA,NA
crop,Mais grain,Conventionnel,1641,0.288761416884973,4.43931716548903e-05,q75,90.9415066146726,446.798909025698,196.376479433838,256.803950560176,107.862983431024,9424.69717362046,NA,NA,NA,NA,NA,NA,NA,NA,NA,NA,NA,NA,NA,NA,NA,NA,NA,NA
crop,Mais grain,Conventionnel,1641,0.490061186094257,0.00122550045240648,q100,246.166070798635,759.640919231174,269.352906450692,783.536932574232,452.767450826648,24156.7441860465,NA,NA,NA,NA,NA,NA,NA,NA,NA,NA,NA,NA,NA,NA,NA,NA,NA,NA
crop,Mais grain,Conventionnel,1641,0.490061186094257,0.00122550045240648,max,246.166070798635,759.640919231174,269.352906450692,783.536932574232,452.767450826648,24156.7441860465,NA,NA,NA,NA,NA,NA,NA,NA,NA,NA,NA,NA,NA,NA,NA,NA,NA,NA
crop,Melange cereales d'ete,Conventionnel,124,0.14969415861928,4.21437682404946e-05,mean,33.1528173943814,197.335325236511,108.704570243672,87.5261165483175,39.9318291299905,4014.03447623349,NA,NA,NA,NA,NA,NA,NA,NA,NA,NA,NA,NA,NA,NA,NA,NA,NA,NA
crop,Melange cereales d'ete,Conventionnel,124,0.0589491822452241,2.68900566195902e-05,sd,37.8995082387279,89.7012445726736,68.0505025045296,58.4316302737268,40.0810411494505,1239.51107381444,NA,NA,NA,NA,NA,NA,NA,NA,NA,NA,NA,NA,NA,NA,NA,NA,NA,NA
crop,Melange cereales d'ete,Conventionnel,124,0.0586574720086283,1.30172647345412e-05,q0,0,55.3334957375705,0,18.5900110404375,0,988.593155893536,NA,NA,NA,NA,NA,NA,NA,NA,NA,NA,NA,NA,NA,NA,NA,NA,NA,NA
crop,Melange cereales d'ete,Conventionnel,124,0.109742330314844,2.85521838627599e-05,q25,0.629265123441932,138.70214856348,62.2738542003348,56.6197645912882,10.2825988123697,3164.8222941939,NA,NA,NA,NA,NA,NA,NA,NA,NA,NA,NA,NA,NA,NA,NA,NA,NA,NA
crop,Melange cereales d'ete,Conventionnel,124,0.141819035522862,3.51242216998101e-05,q50,21.2061054772722,186.36627043583,107.438669748091,72.0139390263156,26.7811899640899,4000,NA,NA,NA,NA,NA,NA,NA,NA,NA,NA,NA,NA,NA,NA,NA,NA,NA,NA
crop,Melange cereales d'ete,Conventionnel,124,0.174907087993394,4.71764094856065e-05,q75,53.101624862589,237.541415232385,146.136654922332,92.3292529500586,59.5193306111708,4809.80637925916,NA,NA,NA,NA,NA,NA,NA,NA,NA,NA,NA,NA,NA,NA,NA,NA,NA,NA
crop,Melange cereales d'ete,Conventionnel,124,0.378887688082306,0.0001720371923693,q100,198.375776397515,583.287467103714,269.352906450692,406.731245316862,209.446347031963,7000,NA,NA,NA,NA,NA,NA,NA,NA,NA,NA,NA,NA,NA,NA,NA,NA,NA,NA
crop,Melange cereales d'ete,Conventionnel,124,0.378887688082306,0.0001720371923693,max,198.375776397515,583.287467103714,269.352906450692,406.731245316862,209.446347031963,7000,NA,NA,NA,NA,NA,NA,NA,NA,NA,NA,NA,NA,NA,NA,NA,NA,NA,NA
crop,Triticale,Conventionnel,763,0.189023035486265,4.65386924639415e-05,mean,40.7782657787632,281.851004355988,95.1590570389822,188.373102838717,65.112482425231,4630.63263385693,NA,NA,NA,NA,NA,NA,NA,NA,NA,NA,NA,NA,NA,NA,NA,NA,NA,NA
crop,Triticale,Conventionnel,763,0.0739799896373008,3.27660820877888e-05,sd,41.5094009786119,132.451828770905,56.4292468704653,131.548299120756,55.5259056802623,1500.0281750551,NA,NA,NA,NA,NA,NA,NA,NA,NA,NA,NA,NA,NA,NA,NA,NA,NA,NA
crop,Triticale,Conventionnel,763,0.0613002539189477,1.00279455553864e-05,q0,0,45.2921143980481,0,40.4054460190818,0,454.959053685168,NA,NA,NA,NA,NA,NA,NA,NA,NA,NA,NA,NA,NA,NA,NA,NA,NA,NA
crop,Triticale,Conventionnel,763,0.139033950934285,2.94991937942116e-05,q25,6.4812265048644,203.762181070429,55.5332037737664,125.701299961933,22.1481597839783,3601.49009268137,NA,NA,NA,NA,NA,NA,NA,NA,NA,NA,NA,NA,NA,NA,NA,NA,NA,NA
crop,Triticale,Conventionnel,763,0.176488353191824,3.91371071963976e-05,q50,31.2509119589865,252.376692623195,88.1644919670759,161.686653345069,51.4778481459018,4721.608040201,NA,NA,NA,NA,NA,NA,NA,NA,NA,NA,NA,NA,NA,NA,NA,NA,NA,NA
crop,Triticale,Conventionnel,763,0.223593763794012,5.27853237834143e-05,q75,61.1678739244523,323.936792691861,125.950932892383,208.40377802038,97.5124532474765,5618.51474596573,NA,NA,NA,NA,NA,NA,NA,NA,NA,NA,NA,NA,NA,NA,NA,NA,NA,NA
crop,Triticale,Conventionnel,763,0.466970816481069,0.00040426347644809,q100,246.166070798635,759.640919231174,269.352906450692,783.536932574232,400.003333333333,9783.95061728395,NA,NA,NA,NA,NA,NA,NA,NA,NA,NA,NA,NA,NA,NA,NA,NA,NA,NA
crop,Triticale,Conventionnel,763,0.466970816481069,0.00040426347644809,max,246.166070798635,759.640919231174,269.352906450692,783.536932574232,400.003333333333,9783.95061728395,NA,NA,NA,NA,NA,NA,NA,NA,NA,NA,NA,NA,NA,NA,NA,NA,NA,NA
milk,Fromages de Savoie,Fromages de Savoie,30,0.138817911630073,6.29922029748945e-05,mean,NA,NA,NA,NA,NA,NA,0.917899375850844,0.639952925334494,0.360226459063503,0.145405956302344,1051.26765520905,1.14563286746988,0.52524942318526,0.478055239848422,0.375113342113464,0.0572635387881356,6439.99726274548,2848.82237856367,87.2504217430084,339.41529511155,103.420072522023,270.688140535493,148.304815771396,5975.61383857743
milk,Fromages de Savoie,Fromages de Savoie,30,0.0305825333761264,1.9268488478603e-05,sd,NA,NA,NA,NA,NA,NA,0.220854538465548,0.163566511120443,0.186352694685696,0.137524583552427,772.215182686531,0.254368784636062,0.155634705623717,0.173247795355814,0.132182392961516,0.0248538595245033,1733.27079938107,663.995399886585,92.3161577727545,223.183739988655,83.7353191571481,256.969724667137,200.599723563842,2762.48902501642
milk,Fromages de Savoie,Fromages de Savoie,30,0.059096146122775,2.67490074390751e-05,q0,NA,NA,NA,NA,NA,NA,0.562478255903145,0.350906050289785,0.0973115526896172,0.0120644459749123,153.836715494576,0.642779699468913,0.259640054868561,0.243194077321457,0.0340689085507421,0.00247067220655574,1786.5046728972,1593.48311103244,0,12.2928933516259,0,6.97751098630903,0,1766.76562593607
milk,Fromages de Savoie,Fromages de Savoie,30,0.127599057249631,4.84375996945287e-05,q25,NA,NA,NA,NA,NA,NA,0.763178229537995,0.51830846613414,0.241987417449592,0.0605834623723411,665.99793132893,0.973514777468995,0.43018772761404,0.341366283999913,0.323932354892923,0.0448439519425779,5395.43178571429,2376.88646868626,45.3747445559041,178.249060976064,34.553075951138,66.9404223790673,31.4064348852685,3899.30750843645
milk,Fromages de Savoie,Fromages de Savoie,30,0.140265243641421,6.63834368083212e-05,q50,NA,NA,NA,NA,NA,NA,0.903249995714733,0.594098701999574,0.340405083063087,0.100310235177019,969.880086006802,1.10738657434268,0.486705869852051,0.400690890673187,0.401900896993686,0.0658886256434913,6614.24270790937,2817.67632548116,58.5268122347731,220.118644925824,92.9202681190301,172.667224687093,85.8321895723261,6226.3839047173
milk,Fromages de Savoie,Fromages de Savoie,30,0.158499254571767,7.7278241730062e-05,q75,NA,NA,NA,NA,NA,NA,1.02721749969695,0.730529579311646,0.376943575887491,0.172204299769761,1256.23585381818,1.31054014423271,0.594984579542299,0.599792656586571,0.471166707667582,0.0747147371906643,7275.42006802721,3211.74975511166,76.0429883410408,446.506914107385,150.441814071274,413.914815162221,146.007575736412,7397.88299059461
milk,Fromages de Savoie,Fromages de Savoie,30,0.198651143086167,0.00010623168678513,q100,NA,NA,NA,NA,NA,NA,1.55574297201084,0.985534550200686,0.965371396077737,0.489302430247729,3253.01995972611,1.7778465025183,0.965371396077737,0.891955747559431,0.604376726923234,0.0904748730503196,9708.10687022901,4366.85583287863,321.739932119543,776.682003923228,269.550811611826,813.39360039298,655.422286225402,15117.6470588235
milk,Fromages de Savoie,Fromages de Savoie,30,0.198651143086167,0.00010623168678513,max,NA,NA,NA,NA,NA,NA,1.55574297201084,0.985534550200686,0.965371396077737,0.489302430247729,3253.01995972611,1.7778465025183,0.965371396077737,0.891955747559431,0.604376726923234,0.0904748730503196,9708.10687022901,4366.85583287863,321.739932119543,776.682003923228,269.550811611826,813.39360039298,655.422286225402,15117.6470588235
crop,Ble tendre,LR,97,0.230290356790979,3.95298885622205e-05,mean,61.8622197943781,234.405882262953,192.67405407255,32.8885419387565,156.580257948336,6323.5071025331,NA,NA,NA,NA,NA,NA,NA,NA,NA,NA,NA,NA,NA,NA,NA,NA,NA,NA
crop,Ble tendre,LR,97,0.0637013622421839,1.63617730216571e-05,sd,49.0789441422445,79.7296647733931,54.6004515952155,47.2274658826071,67.9310548046815,1963.08193705008,NA,NA,NA,NA,NA,NA,NA,NA,NA,NA,NA,NA,NA,NA,NA,NA,NA,NA
crop,Ble tendre,LR,97,0.140504777016804,1.55435345581489e-05,q0,0,58.7097564933619,48.1254904372457,8.56015874767486,48.5366437880571,2780.20176544767,NA,NA,NA,NA,NA,NA,NA,NA,NA,NA,NA,NA,NA,NA,NA,NA,NA,NA
crop,Ble tendre,LR,97,0.180248601034483,2.90993698652866e-05,q25,27.8029529783007,189.739557468442,161.068138332789,10.5842660561162,99.6386440499076,4740.66505022515,NA,NA,NA,NA,NA,NA,NA,NA,NA,NA,NA,NA,NA,NA,NA,NA,NA,NA
crop,Ble tendre,LR,97,0.210286037275087,3.68103900087837e-05,q50,51.1505016722408,221.198631479502,195.181318367095,10.5842660561162,156.193257794356,6159.38141076219,NA,NA,NA,NA,NA,NA,NA,NA,NA,NA,NA,NA,NA,NA,NA,NA,NA,NA
crop,Ble tendre,LR,97,0.270456165879153,4.67447411442378e-05,q75,88.1435594886922,261.429547357402,228.678579696774,34.6614983145802,201.518499588354,7745.93338497289,NA,NA,NA,NA,NA,NA,NA,NA,NA,NA,NA,NA,NA,NA,NA,NA,NA,NA
crop,Ble tendre,LR,97,0.384432880009243,0.00013310956497171,q100,237.154904126092,493.926380577101,269.352906450692,297.484737112097,354.784885981415,10799.85813926,NA,NA,NA,NA,NA,NA,NA,NA,NA,NA,NA,NA,NA,NA,NA,NA,NA,NA
crop,Ble tendre,LR,97,0.384432880009243,0.00013310956497171,max,237.154904126092,493.926380577101,269.352906450692,297.484737112097,354.784885981415,10799.85813926,NA,NA,NA,NA,NA,NA,NA,NA,NA,NA,NA,NA,NA,NA,NA,NA,NA,NA
milk,Munster,Munster,38,0.159008823474085,6.56313788590428e-05,mean,NA,NA,NA,NA,NA,NA,1.08962964882584,0.608867281744511,0.314387162115773,0.0566544605792332,2695.21379881795,1.00664276922316,0.447977998914476,0.452728615040803,0.425213315514156,0.0648110385039017,6928.75442367171,3075.57858804256,103.720753228436,342.408811154237,127.189694863423,248.694676979682,164.385421517359,6258.3459978073
milk,Munster,Munster,38,0.0338764505789183,1.4898425774439e-05,sd,NA,NA,NA,NA,NA,NA,0.375573143060172,0.135764946217768,0.147940461940296,0.0622612446656787,1065.5365864616,0.278622763992415,0.157260107145006,0.112510039751247,0.129868087074038,0.0235442298808973,1670.9730781754,811.731450143864,91.3764074994515,220.210643989849,84.3854238869559,261.449959366047,189.473551840785,2976.7978856061
milk,Munster,Munster,38,0.0646484847797136,2.19599847875383e-05,q0,NA,NA,NA,NA,NA,NA,0.686703110443588,0.366971286277423,0.0844800267506943,0.00103666314144252,868.329284976026,0.461510530540971,0.234695976394548,0.281412110344972,0.0576471228507851,0.00128368030570926,1838.99408284024,543.126985778439,3.79239348012582,20.5912765131984,0,18.1234131786401,0,1000
milk,Munster,Munster,38,0.144958996114706,5.41173910153927e-05,q25,NA,NA,NA,NA,NA,NA,0.856625810323602,0.525232883268283,0.205252522966991,0.0149972022170078,1809.50802314707,0.781865489562343,0.335770364345976,0.379181807582119,0.322817212997887,0.0539974245049651,6158.39369003432,2540.20585424368,51.7682699732025,178.249060976064,55.3226535417425,65.6524908869355,67.4329728075078,4000
milk,Munster,Munster,38,0.163702584697064,6.59669062389825e-05,q50,NA,NA,NA,NA,NA,NA,0.960772246596687,0.56477490870803,0.278401482346319,0.037147372708791,2652.69382468213,1.04142995540965,0.398256545254514,0.424776445164288,0.466499750017589,0.0736004145120116,6832.85714285714,3145.7291967432,58.5268122347731,279.956370487616,110.794915226347,160.911099456904,101.708479146652,6413.48711259131
milk,Munster,Munster,38,0.181373517894719,7.4373882993875e-05,q75,NA,NA,NA,NA,NA,NA,1.2867502481501,0.662908526945918,0.415445481645036,0.0672268555661081,3289.05172708459,1.16738243448213,0.522091803352209,0.509954135644178,0.508537493051016,0.0803633518908556,8232.72985789787,3374.20602529982,105.44698908797,401.307710703957,173.488403527556,318.077932515093,149.383009053613,7423.19768237021
milk,Munster,Munster,38,0.232135673133719,9.88837592360766e-05,q100,NA,NA,NA,NA,NA,NA,2.16679779511819,0.99248422636911,0.659103427844342,0.25147806043683,4605.23179436606,1.45623339226472,0.889132284578851,0.768877172252544,0.663584998692989,0.108120139411101,9789.84615384615,5070.37410558956,321.739932119543,776.682003923228,269.550811611826,813.39360039298,655.422286225402,15174.0475957301
milk,Munster,Munster,38,0.232135673133719,9.88837592360766e-05,max,NA,NA,NA,NA,NA,NA,2.16679779511819,0.99248422636911,0.659103427844342,0.25147806043683,4605.23179436606,1.45623339226472,0.889132284578851,0.768877172252544,0.663584998692989,0.108120139411101,9789.84615384615,5070.37410558956,321.739932119543,776.682003923228,269.550811611826,813.39360039298,655.422286225402,15174.0475957301
