production_type,product_name,FQS,match,n,BVI_ha,BVI_kg,statistique,A.3.1_max,A.4.5_max,A.4.5_min_max,A.4.5_org_max,A.5.1_max,yield,cow_pMFA,feed_autonomy,grassland_share_pseudofarm,ha_temp_pasture_pha_pseudofarm,kg_DM_panim_maize_produced,MFA_pcow,MFA_pha_pseudofarm,nb_cow_pha,share_concent,share_soybean,yield_l_panim,yield_l_pha,feed_A.3.1_max,feed_A.4.5_max,feed_A.4.5_min_max,feed_A.4.5_org_max,feed_A.5.1_max,feed_yield
crop,Autres céréales,AB,Autres céréales__AB,35,0.107021075313219,7.3078393455537e-05,mean,44.0155120646188,218.505799395693,0,218.505799395693,3.05996720762862,2552.12967438081,NA,NA,NA,NA,NA,NA,NA,NA,NA,NA,NA,NA,NA,NA,NA,NA,NA,NA
crop,Autres céréales,AB,Autres céréales__AB,35,0.036035938249404,9.63920960774929e-05,sd,48.1423939581738,149.038301072406,0,149.038301072406,9.4577107485609,1161.02119098645,NA,NA,NA,NA,NA,NA,NA,NA,NA,NA,NA,NA,NA,NA,NA,NA,NA,NA
crop,Autres céréales,AB,Autres céréales__AB,35,0.0575436606272772,2.20265552528838e-05,q0,0,44.8944915582142,0,44.8944915582142,0,249.074074074074,NA,NA,NA,NA,NA,NA,NA,NA,NA,NA,NA,NA,NA,NA,NA,NA,NA,NA
crop,Autres céréales,AB,Autres céréales__AB,35,0.0855940588238148,2.84206150562644e-05,q25,11.6646417723781,107.572234146185,0,107.572234146185,0,2045.19272318728,NA,NA,NA,NA,NA,NA,NA,NA,NA,NA,NA,NA,NA,NA,NA,NA,NA,NA
crop,Autres céréales,AB,Autres céréales__AB,35,0.102406532373146,3.42262949852671e-05,q50,25.4434076188385,211.432952671707,0,211.432952671707,0,2550,NA,NA,NA,NA,NA,NA,NA,NA,NA,NA,NA,NA,NA,NA,NA,NA,NA,NA
crop,Autres céréales,AB,Autres céréales__AB,35,0.121318831010094,6.02402591083272e-05,q75,54.4729056740422,260.245318427892,0,260.245318427892,0.472077490096095,3500,NA,NA,NA,NA,NA,NA,NA,NA,NA,NA,NA,NA,NA,NA,NA,NA,NA,NA
crop,Autres céréales,AB,Autres céréales__AB,35,0.223733854827778,0.00041566997092287,q100,216.984643179765,651.087225381295,0,651.087225381295,52.3093075643589,5041.24656278643,NA,NA,NA,NA,NA,NA,NA,NA,NA,NA,NA,NA,NA,NA,NA,NA,NA,NA
crop,Autres céréales,AB,Autres céréales__AB,35,0.223733854827778,0.00041566997092287,max,216.984643179765,651.087225381295,0,651.087225381295,52.3093075643589,5041.24656278643,NA,NA,NA,NA,NA,NA,NA,NA,NA,NA,NA,NA,NA,NA,NA,NA,NA,NA
crop,Autres céréales,Conventionnel,Autres céréales__AB,91,0.179274956755933,0.000107780954481548,mean,46.8157983213017,211.428673840491,123.963506679145,88.2034067468494,68.2438798742608,3361.16284102846,NA,NA,NA,NA,NA,NA,NA,NA,NA,NA,NA,NA,NA,NA,NA,NA,NA,NA
crop,Autres céréales,Conventionnel,Autres céréales__AB,91,0.074386466180416,0.000136076533673864,sd,45.592531781283,121.868121794327,77.5396336430886,116.183102420605,55.9860988070089,1995.29468779258,NA,NA,NA,NA,NA,NA,NA,NA,NA,NA,NA,NA,NA,NA,NA,NA,NA,NA
crop,Autres céréales,Conventionnel,Autres céréales__AB,91,0.068234929719666,1.32325292340561e-05,q0,0,19.5451735515473,0,10.882197997632,0,264.31718061674,NA,NA,NA,NA,NA,NA,NA,NA,NA,NA,NA,NA,NA,NA,NA,NA,NA,NA
crop,Autres céréales,Conventionnel,Autres céréales__AB,91,0.124381495634253,3.39509702511348e-05,q25,6.47087715631989,139.568760078666,65.0222332518556,44.0424189099059,17.5967826099982,1792.21470166003,NA,NA,NA,NA,NA,NA,NA,NA,NA,NA,NA,NA,NA,NA,NA,NA,NA,NA
crop,Autres céréales,Conventionnel,Autres céréales__AB,91,0.170494994476554,5.74648981515169e-05,q50,35.9993363859579,195.589366365611,116.782091197135,67.4513708623498,57.3880229643088,3366.33663366337,NA,NA,NA,NA,NA,NA,NA,NA,NA,NA,NA,NA,NA,NA,NA,NA,NA,NA
crop,Autres céréales,Conventionnel,Autres céréales__AB,91,0.204915094437637,9.80832708218544e-05,q75,72.1776487032381,263.459439470542,183.115830039267,95.1609641588794,106.915952381452,5015,NA,NA,NA,NA,NA,NA,NA,NA,NA,NA,NA,NA,NA,NA,NA,NA,NA,NA
crop,Autres céréales,Conventionnel,Autres céréales__AB,91,0.413095537684169,0.00073207236129323,q100,183.467889908257,759.640919231174,269.352906450692,783.536932574232,229.013063998838,7594.93670886076,NA,NA,NA,NA,NA,NA,NA,NA,NA,NA,NA,NA,NA,NA,NA,NA,NA,NA
crop,Autres céréales,Conventionnel,Autres céréales__AB,91,0.413095537684169,0.00073207236129323,max,183.467889908257,759.640919231174,269.352906450692,783.536932574232,229.013063998838,7594.93670886076,NA,NA,NA,NA,NA,NA,NA,NA,NA,NA,NA,NA,NA,NA,NA,NA,NA,NA
crop,Blé tendre,AB,Blé tendre__AB,81,0.111164932559763,4.14701554970735e-05,mean,51.2426381300676,205.797412064678,0,206.97746210631,6.51471488906772,3361.25446907165,NA,NA,NA,NA,NA,NA,NA,NA,NA,NA,NA,NA,NA,NA,NA,NA,NA,NA
crop,Blé tendre,AB,Blé tendre__AB,81,0.0448074705730281,2.53069551177567e-05,sd,59.8282309015976,194.580035947301,0,198.020192457947,15.1842150213008,1792.47856841044,NA,NA,NA,NA,NA,NA,NA,NA,NA,NA,NA,NA,NA,NA,NA,NA,NA,NA
crop,Blé tendre,AB,Blé tendre__AB,81,0.0577263670307231,8.27734115621008e-06,q0,0,49.2756231178666,0,49.2756231178666,0,843.170320404722,NA,NA,NA,NA,NA,NA,NA,NA,NA,NA,NA,NA,NA,NA,NA,NA,NA,NA
crop,Blé tendre,AB,Blé tendre__AB,81,0.0830887025550822,2.70458764906959e-05,q25,9.39886187273668,49.2756231178666,0,49.2756231178666,0,2090.59233449477,NA,NA,NA,NA,NA,NA,NA,NA,NA,NA,NA,NA,NA,NA,NA,NA,NA,NA
crop,Blé tendre,AB,Blé tendre__AB,81,0.094118588941573,3.42457695032521e-05,q50,31.5925453966231,166.528175225284,0,166.528175225284,0,2964.70588235294,NA,NA,NA,NA,NA,NA,NA,NA,NA,NA,NA,NA,NA,NA,NA,NA,NA,NA
crop,Blé tendre,AB,Blé tendre__AB,81,0.125545601924287,4.94371858255019e-05,q75,67.8385329840438,259.437544111363,0,259.437544111363,3.77022796854946,3898.82854100106,NA,NA,NA,NA,NA,NA,NA,NA,NA,NA,NA,NA,NA,NA,NA,NA,NA,NA
crop,Blé tendre,AB,Blé tendre__AB,81,0.289761085752458,0.00013098915776484,q100,246.166070798635,759.640919231174,0,783.536932574232,72.0979164674928,8935.96905887409,NA,NA,NA,NA,NA,NA,NA,NA,NA,NA,NA,NA,NA,NA,NA,NA,NA,NA
crop,Blé tendre,AB,Blé tendre__AB,81,0.289761085752458,0.00013098915776484,max,246.166070798635,759.640919231174,0,783.536932574232,72.0979164674928,8935.96905887409,NA,NA,NA,NA,NA,NA,NA,NA,NA,NA,NA,NA,NA,NA,NA,NA,NA,NA
crop,Blé tendre,Conventionnel,Blé tendre__AB,243,0.211583958880052,3.54048947765382e-05,mean,54.5165263679616,220.620628558455,171.437424513682,41.6064717300423,140.392272177731,6493.51898866701,NA,NA,NA,NA,NA,NA,NA,NA,NA,NA,NA,NA,NA,NA,NA,NA,NA,NA
crop,Blé tendre,Conventionnel,Blé tendre__AB,243,0.0733530925123977,1.6377205363423e-05,sd,49.0711038002587,109.222107214769,72.8812066562986,85.6098206532661,77.3994883015883,2141.86396304021,NA,NA,NA,NA,NA,NA,NA,NA,NA,NA,NA,NA,NA,NA,NA,NA,NA,NA
crop,Blé tendre,Conventionnel,Blé tendre__AB,243,0.0654558686030425,1.32390742754177e-05,q0,0,11.9141044387691,0,9.87872197560682,0,1503.75939849624,NA,NA,NA,NA,NA,NA,NA,NA,NA,NA,NA,NA,NA,NA,NA,NA,NA,NA
crop,Blé tendre,Conventionnel,Blé tendre__AB,243,0.164478454987129,2.52839946049877e-05,q25,16.8555556750024,156.474854155938,117.629675119138,10.5842660561162,85.4832959286892,4962.9392737097,NA,NA,NA,NA,NA,NA,NA,NA,NA,NA,NA,NA,NA,NA,NA,NA,NA,NA
crop,Blé tendre,Conventionnel,Blé tendre__AB,243,0.195229819839022,3.12623050388534e-05,q50,43.3294519681053,213.386978812337,182.287549351455,23.6246875618108,143.048173853507,6316.78082191781,NA,NA,NA,NA,NA,NA,NA,NA,NA,NA,NA,NA,NA,NA,NA,NA,NA,NA
crop,Blé tendre,Conventionnel,Blé tendre__AB,243,0.246749518128785,4.18812910085276e-05,q75,77.1627194327962,262.375168156297,230.061125579191,40.2594845562491,182.539811615479,8150.76690535199,NA,NA,NA,NA,NA,NA,NA,NA,NA,NA,NA,NA,NA,NA,NA,NA,NA,NA
crop,Blé tendre,Conventionnel,Blé tendre__AB,243,0.455149527188891,0.0001455932792831,q100,246.166070798635,759.640919231174,269.352906450692,783.536932574232,372.895156160708,11980.1365611421,NA,NA,NA,NA,NA,NA,NA,NA,NA,NA,NA,NA,NA,NA,NA,NA,NA,NA
crop,Blé tendre,Conventionnel,Blé tendre__AB,243,0.455149527188891,0.0001455932792831,max,246.166070798635,759.640919231174,269.352906450692,783.536932574232,372.895156160708,11980.1365611421,NA,NA,NA,NA,NA,NA,NA,NA,NA,NA,NA,NA,NA,NA,NA,NA,NA,NA
crop,Blé tendre,Conventionnel,Blé tendre__LR,291,0.218013888935896,4.36165982124824e-05,mean,55.8873406567815,241.156750194972,171.858436327929,56.9978287845716,140.835525105113,6036.31519751949,NA,NA,NA,NA,NA,NA,NA,NA,NA,NA,NA,NA,NA,NA,NA,NA,NA,NA
crop,Blé tendre,Conventionnel,Blé tendre__LR,291,0.0748256086655721,6.15012946810025e-05,sd,46.206386789961,140.536778331429,69.3563902573136,123.80189837983,72.4633181733771,1978.35460231388,NA,NA,NA,NA,NA,NA,NA,NA,NA,NA,NA,NA,NA,NA,NA,NA,NA,NA
crop,Blé tendre,Conventionnel,Blé tendre__LR,291,0.0896691914849902,1.41755000101691e-05,q0,0,25.5113188653523,0,8.9507987495537,7.29043872882291,481.481481481481,NA,NA,NA,NA,NA,NA,NA,NA,NA,NA,NA,NA,NA,NA,NA,NA,NA,NA
crop,Blé tendre,Conventionnel,Blé tendre__LR,291,0.167908514356399,2.65208597534166e-05,q25,26.4193665341863,158.715410841779,121.579077334523,10.5842660561162,79.3551560942579,4512.53078817734,NA,NA,NA,NA,NA,NA,NA,NA,NA,NA,NA,NA,NA,NA,NA,NA,NA,NA
crop,Blé tendre,Conventionnel,Blé tendre__LR,291,0.201626788508427,3.47212106862884e-05,q50,47.7821782178218,215.596900950232,180.591510312658,22.3961768565679,145.010977984998,5930.30303030303,NA,NA,NA,NA,NA,NA,NA,NA,NA,NA,NA,NA,NA,NA,NA,NA,NA,NA
crop,Blé tendre,Conventionnel,Blé tendre__LR,291,0.254937288798112,4.61967984473274e-05,q75,75.7763460809838,273.004520519361,222.442588847351,40.6630320859012,189.689844009574,7276.46931899285,NA,NA,NA,NA,NA,NA,NA,NA,NA,NA,NA,NA,NA,NA,NA,NA,NA,NA
crop,Blé tendre,Conventionnel,Blé tendre__LR,291,0.488067072228924,0.00101367776539853,q100,246.166070798635,759.640919231174,269.352906450692,783.536932574232,360.930200106251,11324.4615654001,NA,NA,NA,NA,NA,NA,NA,NA,NA,NA,NA,NA,NA,NA,NA,NA,NA,NA
crop,Blé tendre,Conventionnel,Blé tendre__LR,291,0.488067072228924,0.00101367776539853,max,246.166070798635,759.640919231174,269.352906450692,783.536932574232,360.930200106251,11324.4615654001,NA,NA,NA,NA,NA,NA,NA,NA,NA,NA,NA,NA,NA,NA,NA,NA,NA,NA
crop,Blé tendre,LR,Blé tendre__LR,97,0.230290356790979,3.95298885622205e-05,mean,61.8622197943781,234.405882262953,192.67405407255,32.8885419387565,156.580257948336,6323.5071025331,NA,NA,NA,NA,NA,NA,NA,NA,NA,NA,NA,NA,NA,NA,NA,NA,NA,NA
crop,Blé tendre,LR,Blé tendre__LR,97,0.0637013622421839,1.63617730216571e-05,sd,49.0789441422445,79.7296647733931,54.6004515952155,47.2274658826071,67.9310548046815,1963.08193705008,NA,NA,NA,NA,NA,NA,NA,NA,NA,NA,NA,NA,NA,NA,NA,NA,NA,NA
crop,Blé tendre,LR,Blé tendre__LR,97,0.140504777016804,1.55435345581489e-05,q0,0,58.7097564933619,48.1254904372457,8.56015874767486,48.5366437880571,2780.20176544767,NA,NA,NA,NA,NA,NA,NA,NA,NA,NA,NA,NA,NA,NA,NA,NA,NA,NA
crop,Blé tendre,LR,Blé tendre__LR,97,0.180248601034483,2.90993698652866e-05,q25,27.8029529783007,189.739557468442,161.068138332789,10.5842660561162,99.6386440499076,4740.66505022515,NA,NA,NA,NA,NA,NA,NA,NA,NA,NA,NA,NA,NA,NA,NA,NA,NA,NA
crop,Blé tendre,LR,Blé tendre__LR,97,0.210286037275087,3.68103900087837e-05,q50,51.1505016722408,221.198631479502,195.181318367095,10.5842660561162,156.193257794356,6159.38141076219,NA,NA,NA,NA,NA,NA,NA,NA,NA,NA,NA,NA,NA,NA,NA,NA,NA,NA
crop,Blé tendre,LR,Blé tendre__LR,97,0.270456165879153,4.67447411442378e-05,q75,88.1435594886922,261.429547357402,228.678579696774,34.6614983145802,201.518499588354,7745.93338497289,NA,NA,NA,NA,NA,NA,NA,NA,NA,NA,NA,NA,NA,NA,NA,NA,NA,NA
crop,Blé tendre,LR,Blé tendre__LR,97,0.384432880009243,0.00013310956497171,q100,237.154904126092,493.926380577101,269.352906450692,297.484737112097,354.784885981415,10799.85813926,NA,NA,NA,NA,NA,NA,NA,NA,NA,NA,NA,NA,NA,NA,NA,NA,NA,NA
crop,Blé tendre,LR,Blé tendre__LR,97,0.384432880009243,0.00013310956497171,max,237.154904126092,493.926380577101,269.352906450692,297.484737112097,354.784885981415,10799.85813926,NA,NA,NA,NA,NA,NA,NA,NA,NA,NA,NA,NA,NA,NA,NA,NA,NA,NA
crop,Maïs grain,AB,Maïs grain__AB,33,0.138821645595085,3.65947758137932e-05,mean,59.8025606347381,425.518378676904,0,432.03547322501,3.37213626719884,4636.54015507015,NA,NA,NA,NA,NA,NA,NA,NA,NA,NA,NA,NA,NA,NA,NA,NA,NA,NA
crop,Maïs grain,AB,Maïs grain__AB,33,0.0407325994297885,1.77345487274287e-05,sd,46.681402738975,266.512243564578,0,275.021246524958,8.09600864016637,2335.35249518,NA,NA,NA,NA,NA,NA,NA,NA,NA,NA,NA,NA,NA,NA,NA,NA,NA,NA
crop,Maïs grain,AB,Maïs grain__AB,33,0.0707480899024121,1.01959086571257e-05,q0,0,127.4426878009,0,127.4426878009,0,1481.67539267016,NA,NA,NA,NA,NA,NA,NA,NA,NA,NA,NA,NA,NA,NA,NA,NA,NA,NA
crop,Maïs grain,AB,Maïs grain__AB,33,0.1163021261425,2.44573448340697e-05,q25,24.8037117538873,127.4426878009,0,127.4426878009,0,2666.66666666667,NA,NA,NA,NA,NA,NA,NA,NA,NA,NA,NA,NA,NA,NA,NA,NA,NA,NA
crop,Maïs grain,AB,Maïs grain__AB,33,0.13062724368454,3.0552336888968e-05,q50,55.4041289788027,449.268087798556,0,449.268087798556,0,4263.86233269598,NA,NA,NA,NA,NA,NA,NA,NA,NA,NA,NA,NA,NA,NA,NA,NA,NA,NA
crop,Maïs grain,AB,Maïs grain__AB,33,0.164196372621919,4.98105124077154e-05,q75,84.2273948075201,759.640919231174,0,783.536932574232,1.71586345356603,5500,NA,NA,NA,NA,NA,NA,NA,NA,NA,NA,NA,NA,NA,NA,NA,NA,NA,NA
crop,Maïs grain,AB,Maïs grain__AB,33,0.247520443629366,8.02727689832933e-05,q100,216.984643179765,759.640919231174,0,783.536932574232,34.0618746930709,9693.84662018793,NA,NA,NA,NA,NA,NA,NA,NA,NA,NA,NA,NA,NA,NA,NA,NA,NA,NA
crop,Maïs grain,AB,Maïs grain__AB,33,0.247520443629366,8.02727689832933e-05,max,216.984643179765,759.640919231174,0,783.536932574232,34.0618746930709,9693.84662018793,NA,NA,NA,NA,NA,NA,NA,NA,NA,NA,NA,NA,NA,NA,NA,NA,NA,NA
crop,Maïs grain,Conventionnel,Maïs grain__AB,99,0.231304761024025,3.73983106671807e-05,mean,64.610066990597,316.069327987417,154.841009970588,159.488017808464,83.1019178841882,7482.11388081757,NA,NA,NA,NA,NA,NA,NA,NA,NA,NA,NA,NA,NA,NA,NA,NA,NA,NA
crop,Maïs grain,Conventionnel,Maïs grain__AB,99,0.0821596889821994,2.61380759568388e-05,sd,63.4612294935693,170.653405064374,67.1083291021365,174.571974300111,39.7643944137251,3101.86660329844,NA,NA,NA,NA,NA,NA,NA,NA,NA,NA,NA,NA,NA,NA,NA,NA,NA,NA
crop,Maïs grain,Conventionnel,Maïs grain__AB,99,0.117726236817759,1.22052694816508e-05,q0,0,83.1412989987008,0,58.9784452423833,6.6299765897317,1725.3766851705,NA,NA,NA,NA,NA,NA,NA,NA,NA,NA,NA,NA,NA,NA,NA,NA,NA,NA
crop,Maïs grain,Conventionnel,Maïs grain__AB,99,0.170246886972567,2.18110585313976e-05,q25,15.8572646978733,208.137358449501,107.035417657256,61.0824823782276,58.895930647494,4875.98866442455,NA,NA,NA,NA,NA,NA,NA,NA,NA,NA,NA,NA,NA,NA,NA,NA,NA,NA
crop,Maïs grain,Conventionnel,Maïs grain__AB,99,0.211087744276461,3.25087497043161e-05,q50,51.3390838786437,266.849955583857,158.361290372936,61.0824823782276,82.3050463797858,7300,NA,NA,NA,NA,NA,NA,NA,NA,NA,NA,NA,NA,NA,NA,NA,NA,NA,NA
crop,Maïs grain,Conventionnel,Maïs grain__AB,99,0.278843387366339,4.49658241171815e-05,q75,88.0506434205064,404.997442779585,207.958223517453,205.969332915829,105.978686254488,9608.63742268425,NA,NA,NA,NA,NA,NA,NA,NA,NA,NA,NA,NA,NA,NA,NA,NA,NA,NA
crop,Maïs grain,Conventionnel,Maïs grain__AB,99,0.431413636339902,0.00022604829005812,q100,246.166070798635,759.640919231174,269.352906450692,783.536932574232,203.94632266323,13241.372735939,NA,NA,NA,NA,NA,NA,NA,NA,NA,NA,NA,NA,NA,NA,NA,NA,NA,NA
crop,Maïs grain,Conventionnel,Maïs grain__AB,99,0.431413636339902,0.00022604829005812,max,246.166070798635,759.640919231174,269.352906450692,783.536932574232,203.94632266323,13241.372735939,NA,NA,NA,NA,NA,NA,NA,NA,NA,NA,NA,NA,NA,NA,NA,NA,NA,NA
crop,Mélange céréales d'été,AB,Mélange céréales d'été__AB,41,0.0993926813162311,3.79735273507713e-05,mean,31.0136386779847,239.286288400657,0,240.451947588124,0.923088491577233,3118.50923486428,NA,NA,NA,NA,NA,NA,NA,NA,NA,NA,NA,NA,NA,NA,NA,NA,NA,NA
crop,Mélange céréales d'été,AB,Mélange céréales d'été__AB,41,0.0273583806786611,2.03789733462046e-05,sd,43.9664683154928,161.213843435039,0,165.107545792286,2.21894276500483,1215.85196567072,NA,NA,NA,NA,NA,NA,NA,NA,NA,NA,NA,NA,NA,NA,NA,NA,NA,NA
crop,Mélange céréales d'été,AB,Mélange céréales d'été__AB,41,0.058102896153298,1.28947448901219e-05,q0,0,44.8944915582142,0,44.8944915582142,0,1058.68118572293,NA,NA,NA,NA,NA,NA,NA,NA,NA,NA,NA,NA,NA,NA,NA,NA,NA,NA
crop,Mélange céréales d'été,AB,Mélange céréales d'été__AB,41,0.0817980687093283,2.46037942788418e-05,q25,0.00525279054497219,161.465452982324,0,161.465452982324,0,2000,NA,NA,NA,NA,NA,NA,NA,NA,NA,NA,NA,NA,NA,NA,NA,NA,NA,NA
crop,Mélange céréales d'été,AB,Mélange céréales d'été__AB,41,0.0910183227921781,3.03804102923881e-05,q50,19.4960767218832,201.918501745568,0,201.918501745568,0,3000,NA,NA,NA,NA,NA,NA,NA,NA,NA,NA,NA,NA,NA,NA,NA,NA,NA,NA
crop,Mélange céréales d'été,AB,Mélange céréales d'été__AB,41,0.117406329115246,4.57211419427672e-05,q75,42.2352042764414,258.080161412775,0,258.080161412775,0.658855629518684,4000,NA,NA,NA,NA,NA,NA,NA,NA,NA,NA,NA,NA,NA,NA,NA,NA,NA,NA
crop,Mélange céréales d'été,AB,Mélange céréales d'été__AB,41,0.192134356780873,0.00010292103234029,q100,246.166070798635,759.640919231174,0,783.536932574232,11.3433724408451,5322.58064516129,NA,NA,NA,NA,NA,NA,NA,NA,NA,NA,NA,NA,NA,NA,NA,NA,NA,NA
crop,Mélange céréales d'été,AB,Mélange céréales d'été__AB,41,0.192134356780873,0.00010292103234029,max,246.166070798635,759.640919231174,0,783.536932574232,11.3433724408451,5322.58064516129,NA,NA,NA,NA,NA,NA,NA,NA,NA,NA,NA,NA,NA,NA,NA,NA,NA,NA
crop,Mélange céréales d'été,Conventionnel,Mélange céréales d'été__AB,81,0.157560969759608,4.4159195740663e-05,mean,40.2301682486128,203.682590833489,107.910033050002,94.8592150411492,43.2157206226994,4068.59202533112,NA,NA,NA,NA,NA,NA,NA,NA,NA,NA,NA,NA,NA,NA,NA,NA,NA,NA
crop,Mélange céréales d'été,Conventionnel,Mélange céréales d'été__AB,81,0.0631111280631602,2.88886348117232e-05,sd,40.8609479331077,92.0628536434842,68.2979264058989,66.585166301628,44.3496362959123,1272.10119571662,NA,NA,NA,NA,NA,NA,NA,NA,NA,NA,NA,NA,NA,NA,NA,NA,NA,NA
crop,Mélange céréales d'été,Conventionnel,Mélange céréales d'été__AB,81,0.0586574720086283,1.30172647345412e-05,q0,0,55.3334957375705,0,18.5900110404375,0,988.593155893536,NA,NA,NA,NA,NA,NA,NA,NA,NA,NA,NA,NA,NA,NA,NA,NA,NA,NA
crop,Mélange céréales d'été,Conventionnel,Mélange céréales d'été__AB,81,0.118332201113112,2.87267344420913e-05,q25,5.95479374646825,139.71861165325,61.6428762442226,57.2725825499009,11.2120976513272,3038.67403314917,NA,NA,NA,NA,NA,NA,NA,NA,NA,NA,NA,NA,NA,NA,NA,NA,NA,NA
crop,Mélange céréales d'été,Conventionnel,Mélange céréales d'été__AB,81,0.154370998628397,3.73159667613135e-05,q50,32.0208062418726,192.774744695895,107.357801520657,75.7248932913771,28.2858354790677,3998.65365196903,NA,NA,NA,NA,NA,NA,NA,NA,NA,NA,NA,NA,NA,NA,NA,NA,NA,NA
crop,Mélange céréales d'été,Conventionnel,Mélange céréales d'été__AB,81,0.191196775160848,5.12370812662344e-05,q75,59.8781978718587,252.947829709903,140.849768755828,99.5190582565136,64.4794434527465,4994.47513812155,NA,NA,NA,NA,NA,NA,NA,NA,NA,NA,NA,NA,NA,NA,NA,NA,NA,NA
crop,Mélange céréales d'été,Conventionnel,Mélange céréales d'été__AB,81,0.378887688082306,0.0001720371923693,q100,198.375776397515,583.287467103714,269.352906450692,406.731245316862,209.446347031963,7000,NA,NA,NA,NA,NA,NA,NA,NA,NA,NA,NA,NA,NA,NA,NA,NA,NA,NA
crop,Mélange céréales d'été,Conventionnel,Mélange céréales d'été__AB,81,0.378887688082306,0.0001720371923693,max,198.375776397515,583.287467103714,269.352906450692,406.731245316862,209.446347031963,7000,NA,NA,NA,NA,NA,NA,NA,NA,NA,NA,NA,NA,NA,NA,NA,NA,NA,NA
milk,AB,AB,NA__AB,59,0.0935407521318799,6.03975574320913e-05,mean,NA,NA,NA,NA,NA,NA,0.945918386977249,0.755302650892321,0.278414300690325,0.297326932429485,1462.22543871533,1.20253215590077,0.605662401615675,0.554224005295922,0.233980521419953,0.0344640677297455,4783.0297758319,2533.59538822372,87.9091231058394,297.5331326534,28.6974248103845,302.605093996965,84.8089440601526,5105.53531797153
milk,AB,AB,NA__AB,59,0.0185323965843486,6.40279936225272e-05,sd,NA,NA,NA,NA,NA,NA,0.378674751588875,0.175684283356568,0.23224648284031,0.2741507711608,716.525774899815,0.424690595369497,0.202712669299131,0.246144088408898,0.179466139805233,0.0296834955182128,1501.91995855167,1169.32291194292,93.0445731944148,220.934110616191,83.2168097709658,230.586313455668,217.880185016608,3122.8156619845
milk,AB,AB,NA__AB,59,0.0568412013132092,1.23983165638332e-05,q0,NA,NA,NA,NA,NA,NA,0.373112892833614,0.259766550580432,0,0.00744866755607764,491.973916917118,0.383179155401869,0.106850810859957,0.16134928408981,0,0,1876,302.691256952484,0,0,0,0,0,384.615384615385
milk,AB,AB,NA__AB,59,0.0825899842577806,3.27019590473891e-05,q25,NA,NA,NA,NA,NA,NA,0.678744890162798,0.643799904287476,0.0947219773484166,0.0721499236377124,886.161019020942,0.867349763116311,0.48108587472593,0.320209211969778,0.10008895783284,0.0108995526813622,3891.73996752131,1761.52789257888,37.7451826636679,141.777327481303,0,141.777327481303,0,2450
milk,AB,AB,NA__AB,59,0.0941748350656324,4.38006235710574e-05,q50,NA,NA,NA,NA,NA,NA,0.857709288703573,0.798647942449875,0.251630112683888,0.198503926305394,1224.14773296686,1.16589619952875,0.618023514094041,0.530946870012407,0.219838304224067,0.0278429445866926,4757.73913043478,2209.93886315919,54.4735508509441,188.213078230061,0,188.213078230061,1.16919186045105,4494.35295345174
milk,AB,AB,NA__AB,59,0.104395619735475,6.80872328990906e-05,q75,NA,NA,NA,NA,NA,NA,1.15295592019028,0.884875830809227,0.393060331882329,0.481937367824584,1866.03281760397,1.47342586911235,0.750154740987773,0.753003336082419,0.313674911088581,0.0481936798505727,5398.76989348371,3182.69657142873,84.6259731792909,421.466390471991,0,427.704173070267,5.03680850851167,6445.69697753633
milk,AB,AB,NA__AB,59,0.150875339138111,0.00047633400968696,q100,NA,NA,NA,NA,NA,NA,2.60974530034449,1,0.858733819000708,1,3117.82837851039,2.68015396735685,1,0.990753297301779,0.750492821825612,0.126430510991131,9381.76197836167,5947.36046239017,321.739932119543,776.682003923228,269.550811611826,813.39360039298,655.422286225402,14441.0414090995
milk,AB,AB,NA__AB,59,0.150875339138111,0.00047633400968696,max,NA,NA,NA,NA,NA,NA,2.60974530034449,1,0.858733819000708,1,3117.82837851039,2.68015396735685,1,0.990753297301779,0.750492821825612,0.126430510991131,9381.76197836167,5947.36046239017,321.739932119543,776.682003923228,269.550811611826,813.39360039298,655.422286225402,14441.0414090995
milk,Conventionnel,Conventionnel,NA__AB,177,0.164872996319999,5.84714904211378e-05,mean,NA,NA,NA,NA,NA,NA,1.28267659798996,0.626834783975736,0.242084294434998,0.135592839530084,2996.55088148708,0.910070905866155,0.470015779630453,0.545909840046189,0.373875643325512,0.0582436614717487,6916.71645114588,3643.15288663962,96.8084942069757,334.771683019014,117.653811798769,250.463160224316,172.561171848978,6476.73059390856
milk,Conventionnel,Conventionnel,NA__AB,177,0.0350654909702719,1.7037485965421e-05,sd,NA,NA,NA,NA,NA,NA,0.543281487678785,0.138023666836466,0.182073203032387,0.132004174637523,1372.67962525696,0.389917057409478,0.164718358773461,0.184407396022656,0.139414094603538,0.0238265625191527,1730.08180173422,1183.55952523564,92.1219252382096,220.335991289276,80.0928605414339,257.62913628952,192.962987987306,3256.80932404078
milk,Conventionnel,Conventionnel,NA__AB,177,0.067653375893772,1.38656182908805e-05,q0,NA,NA,NA,NA,NA,NA,0.287861347996243,0.251888482182033,0,0.000735358559731111,393.708293203658,0.265832246430926,0.125242587777874,0.184623619637111,0.00353888484998134,0,393.599137931034,315.047685548861,0,12.2247864022791,0,10.455274710332,0,553.970834657414
milk,Conventionnel,Conventionnel,NA__AB,177,0.137699335221757,4.74525301469504e-05,q25,NA,NA,NA,NA,NA,NA,0.929866308768636,0.531569951081488,0.092204956861377,0.0450224931242931,1934.55896016133,0.645887390212283,0.353830672020782,0.425226953287667,0.282501802406704,0.0395706121534351,5718.59903381643,2921.06662846513,45.3747445559041,178.249060976064,44.7437625732097,66.9404223790673,64.7026506890527,3925.86642789424
milk,Conventionnel,Conventionnel,NA__AB,177,0.167652926655218,5.66365730395839e-05,q50,NA,NA,NA,NA,NA,NA,1.17029781415417,0.624327606260604,0.214684814942585,0.0877275363629117,2915.28077739891,0.854483352788923,0.46140561665941,0.52663405001878,0.376290535182794,0.0587071893660259,6947.2461928934,3549.41749510904,58.5268122347731,236.910301254883,110.794915226347,161.971005016714,110.958061035777,6413.48711259131
milk,Conventionnel,Conventionnel,NA__AB,177,0.187793688997387,6.69143709650182e-05,q75,NA,NA,NA,NA,NA,NA,1.54825750611315,0.716172736003191,0.365370018919433,0.178250865345472,3870.96379897446,1.07542341363485,0.59554435618185,0.618541333653002,0.476222710282922,0.0728936186335494,8409.47625840636,4189.05977646443,98.9742446938963,477.711744015132,173.488403527556,396.161158464187,149.383009053613,7423.19768237021
milk,Conventionnel,Conventionnel,NA__AB,177,0.238880609500211,0.00015659124264277,q100,NA,NA,NA,NA,NA,NA,3.7617708664996,0.996461115150019,0.761941940060199,0.663006160499147,8305.5880957917,3.47389466130427,0.991551220982642,1.77437890939142,0.751296240023717,0.12777607057644,10072.5,10012.9476954615,321.739932119543,776.682003923228,269.550811611826,813.39360039298,655.422286225402,15738.5826771654
milk,Conventionnel,Conventionnel,NA__AB,177,0.238880609500211,0.00015659124264277,max,NA,NA,NA,NA,NA,NA,3.7617708664996,0.996461115150019,0.761941940060199,0.663006160499147,8305.5880957917,3.47389466130427,0.991551220982642,1.77437890939142,0.751296240023717,0.12777607057644,10072.5,10012.9476954615,321.739932119543,776.682003923228,269.550811611826,813.39360039298,655.422286225402,15738.5826771654
milk,AOP - AOC,AOP - AOC,NA__AOP - AOC,38,0.15441594159763,5.97413090022017e-05,mean,NA,NA,NA,NA,NA,NA,1.12216813198677,0.64316037685887,0.339293088102996,0.0613532607532864,3060.02261527412,1.0141718805076,0.499124405315099,0.523643390686833,0.349517500708383,0.0553894930065949,6568.85091721828,3282.74780264189,99.6399080026228,342.992146283705,122.844897007633,252.227223279632,182.901158980449,6663.28930066276
milk,AOP - AOC,AOP - AOC,NA__AOP - AOC,38,0.0376191372358028,9.73199991504046e-06,sd,NA,NA,NA,NA,NA,NA,0.388270403206884,0.112063515102308,0.194902556022344,0.0454932222936358,1027.97020708305,0.416764873725535,0.154590773389127,0.159656185338288,0.128986988541786,0.0203924325283892,1867.50804894298,838.676371860711,94.2834007351893,224.909276684223,84.8685434895035,259.849640953481,188.768263759572,3248.69223655489
milk,AOP - AOC,AOP - AOC,NA__AOP - AOC,38,0.0741913559840486,4.24694984382352e-05,q0,NA,NA,NA,NA,NA,NA,0.408192603449534,0.370751816955774,0.0513081392439329,0.000296766801822726,1350.84339165521,0.479223380636961,0.21643158606609,0.267212915162571,0.0366324163381696,0.00625674929997591,3259.88530033203,1295.79494541586,0,20.3675386586235,0,16.7260690970475,0,1011.56069364162
milk,AOP - AOC,AOP - AOC,NA__AOP - AOC,38,0.130862044387458,5.39450869581667e-05,q25,NA,NA,NA,NA,NA,NA,0.902849734182387,0.564315271456753,0.177754912157394,0.0200173920939609,2333.21246327865,0.770619961679573,0.368016951200441,0.403126720023443,0.260992374609425,0.0424503996173267,5335.56558484437,2932.73359549059,45.3747445559041,178.249060976064,40.9004705297874,66.9404223790673,85.8321895723261,4838.10240963855
milk,AOP - AOC,AOP - AOC,NA__AOP - AOC,38,0.155038863991501,5.78124072680878e-05,q50,NA,NA,NA,NA,NA,NA,1.03371008329368,0.668950544358378,0.312088087729864,0.0493462303952177,2893.96473640362,0.967416808329106,0.537293773415696,0.512518472684152,0.333194446441708,0.0542523629688234,6722.24098742868,3418.7969840601,58.5268122347731,257.859996595701,110.794915226347,161.971005016714,141.317316432834,6413.48711259131
milk,AOP - AOC,AOP - AOC,NA__AOP - AOC,38,0.17907344346866,6.43437117902459e-05,q75,NA,NA,NA,NA,NA,NA,1.29847613362457,0.718003986095364,0.459962688031003,0.106624059338641,3772.4178416862,1.10816027016314,0.590101970527799,0.589476543815477,0.468382567562304,0.0737674061143691,7797.90910633833,3745.78450305963,92.1493945868946,520.116684432841,173.488403527556,408.235088069974,149.383009053613,8288.09851399913
milk,AOP - AOC,AOP - AOC,NA__AOP - AOC,38,0.271137780991464,8.2317888059309e-05,q100,NA,NA,NA,NA,NA,NA,2.08670953965319,0.837645322699797,0.724686600816976,0.153707494721129,5212.81635767384,2.44982391045122,0.841443863100432,0.943828160359962,0.583196044814601,0.0930956480720704,10497.5384615385,4999.47755275542,321.739932119543,776.682003923228,269.550811611826,813.39360039298,655.422286225402,14115.0831339421
milk,AOP - AOC,AOP - AOC,NA__AOP - AOC,38,0.271137780991464,8.2317888059309e-05,max,NA,NA,NA,NA,NA,NA,2.08670953965319,0.837645322699797,0.724686600816976,0.153707494721129,5212.81635767384,2.44982391045122,0.841443863100432,0.943828160359962,0.583196044814601,0.0930956480720704,10497.5384615385,4999.47755275542,321.739932119543,776.682003923228,269.550811611826,813.39360039298,655.422286225402,14115.0831339421
milk,Conventionnel,Conventionnel,NA__AOP - AOC,112,0.160560955299388,6.08908043731929e-05,mean,NA,NA,NA,NA,NA,NA,1.23382585910947,0.638577403344761,0.301171431844539,0.0850316364688392,3077.6943640549,0.93663538713922,0.472270975213819,0.533525736922098,0.369704960616767,0.0575597465870777,6825.30844372065,3489.23835544066,97.0136749464178,337.727466160151,122.01426065864,248.797042775534,181.335673763706,6595.84124605644
milk,Conventionnel,Conventionnel,NA__AOP - AOC,112,0.0329780316983491,1.91455433910439e-05,sd,NA,NA,NA,NA,NA,NA,0.502270666982582,0.131648933476986,0.175874094787831,0.105636374112857,1239.98973493957,0.359595516722638,0.16300943965967,0.188055112107021,0.127972988848761,0.0219308484289602,1805.54339692702,1005.99862407118,91.6373080725773,224.648924127035,80.549955600614,263.199594044422,189.338902444974,3346.93382729644
milk,Conventionnel,Conventionnel,NA__AOP - AOC,112,0.0870205247923568,1.38656182908805e-05,q0,NA,NA,NA,NA,NA,NA,0.438538246120847,0.372568153795921,0,0.00139214627824653,855.100781885684,0.265832246430926,0.207252487496954,0.256551986433512,0.00353888484998134,0.0006044350201585,393.599137931034,315.047685548861,0,12.0425647121985,0.00657977208703239,10.2257530176385,1.53639333948619,578.034682080925
milk,Conventionnel,Conventionnel,NA__AOP - AOC,112,0.133132086971707,5.00476541638812e-05,q25,NA,NA,NA,NA,NA,NA,0.85256348349541,0.554260524641782,0.164484658700722,0.0201712906991783,2091.64682939255,0.638855328642789,0.347598671591752,0.425403851582717,0.290986402951179,0.0445120136712752,5619.14760863891,2841.338061081,45.3747445559041,178.249060976064,52.3480193027023,61.3986306235101,83.3869420281669,3715.14144628292
milk,Conventionnel,Conventionnel,NA__AOP - AOC,112,0.159571036952238,5.77039767965085e-05,q50,NA,NA,NA,NA,NA,NA,1.09389528865645,0.630494727166484,0.286623137451558,0.0374656664520962,3020.99966938185,0.9141895010936,0.450166465670016,0.492135160269768,0.377174808538861,0.058807188392482,6922.03796032288,3535.76242400007,58.5268122347731,237.177045726022,110.794915226347,157.746628388612,135.396675125972,6413.48711259131
milk,Conventionnel,Conventionnel,NA__AOP - AOC,112,0.186758892172881,6.7495796101417e-05,q75,NA,NA,NA,NA,NA,NA,1.5653088953148,0.711016130619998,0.422777048252237,0.0900172659364098,3804.46091650104,1.17293621127172,0.593556704052691,0.609297562663286,0.455020146043505,0.0719977033200089,7984.78213831999,3990.904874925,89.5478151227393,508.23687369027,173.488403527556,424.040670915903,149.383009053613,7576.04673807205
milk,Conventionnel,Conventionnel,NA__AOP - AOC,112,0.230064223011855,0.00015659124264277,q100,NA,NA,NA,NA,NA,NA,3.7617708664996,0.996461115150019,0.761941940060199,0.45260772738856,6328.04137488799,2.28030282157974,0.991551220982642,1.77437890939142,0.654332719170329,0.107164204738237,12980.0872093023,6608.03180049219,321.739932119543,776.682003923228,269.550811611826,813.39360039298,655.422286225402,15174.0475957301
milk,Conventionnel,Conventionnel,NA__AOP - AOC,112,0.230064223011855,0.00015659124264277,max,NA,NA,NA,NA,NA,NA,3.7617708664996,0.996461115150019,0.761941940060199,0.45260772738856,6328.04137488799,2.28030282157974,0.991551220982642,1.77437890939142,0.654332719170329,0.107164204738237,12980.0872093023,6608.03180049219,321.739932119543,776.682003923228,269.550811611826,813.39360039298,655.422286225402,15174.0475957301
milk,Beurre de Charentes-Poitou,Beurre de Charentes-Poitou,NA__Beurre de Charentes-Poitou,60,0.169916878996856,6.25279449836625e-05,mean,NA,NA,NA,NA,NA,NA,1.27665764977449,0.634335533322689,0.161872580393268,0.144712165362309,3300.44418144449,0.916927270216854,0.456350579207857,0.514698755875434,0.373811941541337,0.0583379356776889,6968.09696767134,3477.75241166549,90.6215292214855,321.020411336143,115.554705422436,235.858442259885,161.156468913538,6514.53211017817
milk,Beurre de Charentes-Poitou,Beurre de Charentes-Poitou,NA__Beurre de Charentes-Poitou,60,0.0350689167979069,1.44747100598185e-05,sd,NA,NA,NA,NA,NA,NA,0.773043283148406,0.136936289020944,0.129821701538251,0.130616289230201,1543.770093897,0.324903655817154,0.156389221514569,0.126657270704254,0.147315970256791,0.025759880881947,1767.98285556731,933.936792658471,89.3092217155591,219.450836419214,81.5303536489064,249.318486332847,186.326974243366,3119.63508115516
milk,Beurre de Charentes-Poitou,Beurre de Charentes-Poitou,NA__Beurre de Charentes-Poitou,60,0.0751213610843369,3.2969623928434e-05,q0,NA,NA,NA,NA,NA,NA,0.50064687481021,0.262727066162134,0,0.00130139911030113,325.431106124352,0.156856007047568,0.100554526968732,0.29112469295557,0,0,2452.61728395062,1230.38279332601,0,13.096855468115,0,7.82297776906494,0,560.747663551402
milk,Beurre de Charentes-Poitou,Beurre de Charentes-Poitou,NA__Beurre de Charentes-Poitou,60,0.154053244974968,5.23209575756167e-05,q25,NA,NA,NA,NA,NA,NA,0.91982223331846,0.541371410431823,0.0413965875662395,0.0666874742312705,2155.98628720665,0.733433431986784,0.35070280190443,0.431654929859747,0.317821080878886,0.0451660654903858,6310.82371887667,2805.6149785615,45.3747445559041,178.249060976064,43.8458810674916,66.4628484818692,57.4712879604739,3714.55877668047
milk,Beurre de Charentes-Poitou,Beurre de Charentes-Poitou,NA__Beurre de Charentes-Poitou,60,0.173372795889079,6.17555267966144e-05,q50,NA,NA,NA,NA,NA,NA,1.18470714408985,0.635497104876962,0.143885678767439,0.112098438204904,2992.88769048606,0.844103544845711,0.447199233117036,0.502143678752445,0.372454832316479,0.0608222857568394,7487.37003981969,3595.96123963055,58.5268122347731,227.759547284215,110.794915226347,161.971005016714,91.7356249755906,6413.48711259131
milk,Beurre de Charentes-Poitou,Beurre de Charentes-Poitou,NA__Beurre de Charentes-Poitou,60,0.189283204948637,7.22253825356948e-05,q75,NA,NA,NA,NA,NA,NA,1.36349453766751,0.712572740472318,0.244777480202463,0.176501375901006,4531.3202649221,1.08716993394548,0.551696869722617,0.584430562879578,0.462526840219172,0.075364681005936,8070.04556263864,4099.85283737262,88.4765146803705,421.466390471991,173.488403527556,303.153307738059,149.383009053613,8475.82937980558
milk,Beurre de Charentes-Poitou,Beurre de Charentes-Poitou,NA__Beurre de Charentes-Poitou,60,0.251161686923533,0.00010856443269237,q100,NA,NA,NA,NA,NA,NA,6.37527385034569,0.96642242344731,0.45040565272674,0.785584315431159,6665.51208860843,1.99741584400999,0.882319828641289,0.827772581796372,0.772834374670133,0.125924860377685,9732.18142548596,5693.15876950394,321.739932119543,776.682003923228,269.550811611826,813.39360039298,655.422286225402,12381.8918918919
milk,Beurre de Charentes-Poitou,Beurre de Charentes-Poitou,NA__Beurre de Charentes-Poitou,60,0.251161686923533,0.00010856443269237,max,NA,NA,NA,NA,NA,NA,6.37527385034569,0.96642242344731,0.45040565272674,0.785584315431159,6665.51208860843,1.99741584400999,0.882319828641289,0.827772581796372,0.772834374670133,0.125924860377685,9732.18142548596,5693.15876950394,321.739932119543,776.682003923228,269.550811611826,813.39360039298,655.422286225402,12381.8918918919
milk,Conventionnel,Conventionnel,NA__Beurre de Charentes-Poitou,107,0.178018315536127,6.60268384980768e-05,mean,NA,NA,NA,NA,NA,NA,1.25481016759016,0.621847404301962,0.153263453886217,0.165087809512028,3226.12544779422,0.901766664731959,0.454167625206442,0.519934254006101,0.380348613978822,0.0596181191821647,7123.59226785187,3583.11336046553,97.6548287390562,330.666876576464,117.432508360125,245.839531683648,165.910248179922,6413.66837929627
milk,Conventionnel,Conventionnel,NA__Beurre de Charentes-Poitou,107,0.030971804100616,1.81795212684747e-05,sd,NA,NA,NA,NA,NA,NA,0.521182788594103,0.146606120978969,0.147061949565749,0.147081752836578,1254.77634783275,0.292506883804157,0.163250857988576,0.175416716661396,0.150384672194729,0.0256142807686242,1656.34651843529,1239.30372586038,89.8333121910685,217.917350990754,78.7024154974156,252.908842164886,190.678084460005,3146.17941921351
milk,Conventionnel,Conventionnel,NA__Beurre de Charentes-Poitou,107,0.0873421168522013,2.01044651237885e-05,q0,NA,NA,NA,NA,NA,NA,0.554787456001869,0.252930679668523,0,0.00301502628295894,392.47011238239,0.271255725823349,0.115589916624209,0.255034230352436,0.016711485049758,0.00160204904270936,1858.10810810811,1311.17418536696,0,16.4326809367187,1.03710468016615,10.3287564076782,6.16143928392383,1040.26804751751
milk,Conventionnel,Conventionnel,NA__Beurre de Charentes-Poitou,107,0.15909449945739,5.39034115795135e-05,q25,NA,NA,NA,NA,NA,NA,0.918236120758013,0.542098560937517,0.0265240245481959,0.058620607430116,2454.61659391161,0.680701351784084,0.345371419733912,0.412816325834648,0.28796498543693,0.045755077850285,6279.06124745704,2914.7527632904,52.4590136696428,178.249060976064,49.4991732959359,66.9404223790673,57.4103765015191,3650
milk,Conventionnel,Conventionnel,NA__Beurre de Charentes-Poitou,107,0.178789989053906,6.16924065747583e-05,q50,NA,NA,NA,NA,NA,NA,1.12325796150081,0.625922328801559,0.119886427001799,0.118099290577975,3159.8000022885,0.890267449040715,0.439516819222058,0.486193010494653,0.370098997371573,0.0571893504366418,7212.65060240964,3462.10664942759,58.5268122347731,234.314248903611,110.794915226347,161.971005016714,98.1784748900553,6413.48711259131
milk,Conventionnel,Conventionnel,NA__Beurre de Charentes-Poitou,107,0.197680619149494,7.76817220846029e-05,q75,NA,NA,NA,NA,NA,NA,1.46920435000437,0.714894418807213,0.233668329681171,0.234574917869417,3856.26718098742,1.08920472043881,0.55621380414408,0.56965773160003,0.481781517072579,0.0724898613346007,8338.26980848403,4114.32622087006,93.8127136021873,461.553164228507,173.488403527556,364.417566910634,149.383009053613,7423.19768237021
milk,Conventionnel,Conventionnel,NA__Beurre de Charentes-Poitou,107,0.245645432881139,0.0001137580158759,q100,NA,NA,NA,NA,NA,NA,3.68655812504852,0.990620220706794,0.672000640623239,0.645331988708109,7644.26208544245,1.80249208806306,0.827395655465932,1.24049339505321,0.749373534418991,0.127598065163588,10431.4952198853,11122.5696090047,321.739932119543,776.682003923228,269.550811611826,813.39360039298,655.422286225402,14765.7707875564
milk,Conventionnel,Conventionnel,NA__Beurre de Charentes-Poitou,107,0.245645432881139,0.0001137580158759,max,NA,NA,NA,NA,NA,NA,3.68655812504852,0.990620220706794,0.672000640623239,0.645331988708109,7644.26208544245,1.80249208806306,0.827395655465932,1.24049339505321,0.749373534418991,0.127598065163588,10431.4952198853,11122.5696090047,321.739932119543,776.682003923228,269.550811611826,813.39360039298,655.422286225402,14765.7707875564
milk,Bleu d'Auvergne - Cantal,Bleu d'Auvergne - Cantal,NA__Bleu d'Auvergne - Cantal,43,0.136470233663814,6.03423331428315e-05,mean,NA,NA,NA,NA,NA,NA,0.873972277000037,0.621124999835837,0.388871195737118,0.133076757071323,1067.79408323201,1.22064578120294,0.552076400384906,0.46529529963624,0.359003977269238,0.0535716594783771,6399.98745736788,2955.58026739284,92.9609397005949,349.230436368797,116.015242784982,266.506670979658,150.632751057058,5947.49859258428
milk,Bleu d'Auvergne - Cantal,Bleu d'Auvergne - Cantal,NA__Bleu d'Auvergne - Cantal,43,0.0313561344272389,1.29312276820732e-05,sd,NA,NA,NA,NA,NA,NA,0.218715195190897,0.129780470751322,0.174996967640996,0.0993197531889616,489.650018129844,0.321797697949058,0.126671599261722,0.0908315102361514,0.13407110019526,0.0217974623865165,1500.64651071521,889.501440276822,90.8297822198044,219.711215519234,81.5452402393975,257.866959359942,200.534470592696,2875.78566492894
milk,Bleu d'Auvergne - Cantal,Bleu d'Auvergne - Cantal,NA__Bleu d'Auvergne - Cantal,43,0.06118362438,3.86039404951344e-05,q0,NA,NA,NA,NA,NA,NA,0.513913886004644,0.375384737835609,0.135629067157432,0.0058681047041758,18.3679083170018,0.733786937812439,0.332036182531807,0.297925069421474,0.0872336903408184,0.00620446370798086,2629.56989247312,1188.88926712516,0,25.153449416544,0,21.5554876783206,0,671.998435678635
milk,Bleu d'Auvergne - Cantal,Bleu d'Auvergne - Cantal,NA__Bleu d'Auvergne - Cantal,43,0.11575247986411,5.01973704325692e-05,q25,NA,NA,NA,NA,NA,NA,0.699006697975743,0.528803536776426,0.261832676303234,0.0649895704496586,838.424089805519,0.952494834169212,0.463809434738508,0.400783692260849,0.267036886618143,0.0399705088244707,5726.5868368574,2342.42796700812,45.3747445559041,179.428001642406,42.75094743365,66.9404223790673,32.1840693155342,3999.18046522714
milk,Bleu d'Auvergne - Cantal,Bleu d'Auvergne - Cantal,NA__Bleu d'Auvergne - Cantal,43,0.142570114589736,5.99115901815752e-05,q50,NA,NA,NA,NA,NA,NA,0.876520216895957,0.609311867147174,0.34578549946011,0.110305714983568,1053.05496883386,1.14087499720352,0.514636535126618,0.487794344936569,0.373484981129189,0.0554805519696699,6388.26330532213,2784.59210484594,58.5268122347731,273.701793737188,110.794915226347,166.014660199873,85.8321895723261,6226.3839047173
milk,Bleu d'Auvergne - Cantal,Bleu d'Auvergne - Cantal,NA__Bleu d'Auvergne - Cantal,43,0.158569406813385,6.78417181113664e-05,q75,NA,NA,NA,NA,NA,NA,1.04987756596239,0.704725057938654,0.483090419257367,0.191379198855764,1378.13086990345,1.43072480646393,0.637513981030386,0.524380091707577,0.450867291280549,0.0688986827638429,7547.93972570194,3545.70659008411,74.9279385705848,508.130874497426,173.488403527556,432.074654113557,149.383009053613,7423.19768237021
milk,Bleu d'Auvergne - Cantal,Bleu d'Auvergne - Cantal,NA__Bleu d'Auvergne - Cantal,43,0.184549893255015,9.78481170126694e-05,q100,NA,NA,NA,NA,NA,NA,1.36279340564605,0.902299708719139,0.879764301104714,0.417813521604933,2218.80446958911,1.94585129383128,0.879764301104714,0.602755140603493,0.63964298385187,0.100181885248257,9127.70562770563,5396.12491886019,321.739932119543,776.682003923228,269.550811611826,813.39360039298,655.422286225402,12238.2716154115
milk,Bleu d'Auvergne - Cantal,Bleu d'Auvergne - Cantal,NA__Bleu d'Auvergne - Cantal,43,0.184549893255015,9.78481170126694e-05,max,NA,NA,NA,NA,NA,NA,1.36279340564605,0.902299708719139,0.879764301104714,0.417813521604933,2218.80446958911,1.94585129383128,0.879764301104714,0.602755140603493,0.63964298385187,0.100181885248257,9127.70562770563,5396.12491886019,321.739932119543,776.682003923228,269.550811611826,813.39360039298,655.422286225402,12238.2716154115
milk,Conventionnel,Conventionnel,NA__Bleu d'Auvergne - Cantal,106,0.143585693280776,6.07025287052356e-05,mean,NA,NA,NA,NA,NA,NA,0.946412681870941,0.613992766900091,0.341464927778018,0.114758493682909,1947.59880631228,1.16295899298851,0.516457472803712,0.460098764070936,0.408116091531615,0.0600082920848928,6299.58356862327,2849.04673858183,92.2945567271436,320.476254745611,115.808801504637,236.922197479004,158.361446736072,5737.20443675925
milk,Conventionnel,Conventionnel,NA__Bleu d'Auvergne - Cantal,106,0.036133456319734,1.5787346960147e-05,sd,NA,NA,NA,NA,NA,NA,0.292378161819088,0.136167691888507,0.166638775344205,0.0982034074185796,1019.48020432289,0.383240500400362,0.142960615461981,0.108856046524203,0.128957672332389,0.0230362931516248,1808.14362397992,942.903294656088,90.82691560909,213.937691146713,80.2267336749762,250.812172920897,193.795887877664,2698.29723445531
milk,Conventionnel,Conventionnel,NA__Bleu d'Auvergne - Cantal,106,0.0570241863203906,1.95629316388771e-05,q0,NA,NA,NA,NA,NA,NA,0.362906482567583,0.323520723755813,0,0.00648258521040471,498.696583080185,0.542927912345395,0.228106404566277,0.244178583367804,0.123845198819142,0.00283024069999681,1500,582.828164652816,0,17.5654164152148,0,13.1913100183296,0,671.998435678635
milk,Conventionnel,Conventionnel,NA__Bleu d'Auvergne - Cantal,106,0.119882234370397,5.01806815509045e-05,q25,NA,NA,NA,NA,NA,NA,0.757288040996588,0.533097851867933,0.220174158694168,0.047345065450008,1220.89109503818,0.894977382587253,0.42520918973706,0.385398363681068,0.313414138150039,0.0427624494178934,5093.23357099431,2229.99499031581,45.3747445559041,178.249060976064,41.4369849854739,66.9404223790673,52.7412336027983,3533.33333333333
milk,Conventionnel,Conventionnel,NA__Bleu d'Auvergne - Cantal,106,0.144246183910321,6.1258587219654e-05,q50,NA,NA,NA,NA,NA,NA,0.903244573535038,0.6094851190579,0.335162736178637,0.0863656860257856,1661.10152587026,1.10735543970991,0.485285382875507,0.442145500616372,0.436752893774143,0.0636278303891489,6210.23913298487,2835.92600318017,58.5268122347731,228.627198631879,110.794915226347,159.884577022979,85.8321895723261,6078.43137254902
milk,Conventionnel,Conventionnel,NA__Bleu d'Auvergne - Cantal,106,0.171070575446249,6.83801051785009e-05,q75,NA,NA,NA,NA,NA,NA,1.1174059112611,0.714512879500834,0.441357664465413,0.133096677506094,2542.76973114207,1.32050229695158,0.629574186160221,0.537288633211859,0.497234344940259,0.0744413832982661,7725.75728344919,3360.6670040058,82.195381480643,371.486743109828,173.488403527556,275.123857299608,149.383009053613,7423.19768237021
milk,Conventionnel,Conventionnel,NA__Bleu d'Auvergne - Cantal,106,0.215675565225083,0.00011670671838485,q100,NA,NA,NA,NA,NA,NA,1.84186514869,0.983429325566886,0.844495853862839,0.502924489595999,4953.09591152102,2.75553082690876,0.844495853862839,0.878053692575865,0.678596983722276,0.106615701667477,9834.61764705882,6155.41731831087,321.739932119543,776.682003923228,269.550811611826,813.39360039298,655.422286225402,12516.2761358475
milk,Conventionnel,Conventionnel,NA__Bleu d'Auvergne - Cantal,106,0.215675565225083,0.00011670671838485,max,NA,NA,NA,NA,NA,NA,1.84186514869,0.983429325566886,0.844495853862839,0.502924489595999,4953.09591152102,2.75553082690876,0.844495853862839,0.878053692575865,0.678596983722276,0.106615701667477,9834.61764705882,6155.41731831087,321.739932119543,776.682003923228,269.550811611826,813.39360039298,655.422286225402,12516.2761358475
milk,Comte - Morbier,Comte - Morbier,NA__Comte - Morbier,41,0.124786679333308,6.31280337340339e-05,mean,NA,NA,NA,NA,NA,NA,0.674613862381223,0.670948689959486,0.460035830355127,0.169044528272054,458.003462307133,1.53053209685348,0.591108716229013,0.392531058743197,0.334087019286993,0.0506792037238152,6665.55540808162,2589.56843647016,82.68693803441,319.026915101573,109.259606208824,244.219679125546,172.451536133239,5812.2388966837
milk,Comte - Morbier,Comte - Morbier,NA__Comte - Morbier,41,0.0228311738525847,1.45944062185066e-05,sd,NA,NA,NA,NA,NA,NA,0.12190789844861,0.0965075353213697,0.173709273549644,0.143537492478928,218.941804850554,0.282957709098132,0.0957670176404176,0.0617542339304995,0.0846392594928677,0.0157500147913057,1056.15594844303,451.547853483686,95.3462631037662,214.443481499923,79.2145446997889,250.133518203145,195.154868928909,2860.89952409653
milk,Comte - Morbier,Comte - Morbier,NA__Comte - Morbier,41,0.0414038448435057,1.90851493762883e-05,q0,NA,NA,NA,NA,NA,NA,0.427630680741523,0.471024800178498,0,0.00915795093918432,235.460545041071,0.979779946100619,0.38934072667207,0.264489924622987,0.0653452836069235,0.00475200701133379,4000.21203718806,1468.2655177193,0,18.2453048649614,0,15.0833939281805,0,712.727272727273
milk,Comte - Morbier,Comte - Morbier,NA__Comte - Morbier,41,0.112774657337343,5.74513759174816e-05,q25,NA,NA,NA,NA,NA,NA,0.604962801246172,0.60580083903122,0.324832522585195,0.0761177064182711,282.270168479762,1.34856776412197,0.538941319012001,0.352214541158511,0.288383183828224,0.0425482020727078,5990.25517751479,2329.42749219263,45.2953854655982,178.249060976064,35.5487234470203,66.9404223790673,54.8820497945764,3200
milk,Comte - Morbier,Comte - Morbier,NA__Comte - Morbier,41,0.122954498959774,6.29857018879563e-05,q50,NA,NA,NA,NA,NA,NA,0.687333811450962,0.673537153514928,0.472501665243196,0.119906207771114,401.077585953787,1.45489714508442,0.598269481055708,0.390667938475257,0.33524837922419,0.0520925171845024,6901.77604871448,2561.23153518384,55.1647906253309,220.118644925824,110.482427915366,161.971005016714,111.656081419846,6096.97819002256
milk,Comte - Morbier,Comte - Morbier,NA__Comte - Morbier,41,0.142375519525786,6.95744379942745e-05,q75,NA,NA,NA,NA,NA,NA,0.741527438668301,0.724430971384747,0.590698696851202,0.233558766526372,590.37626711576,1.65299419723012,0.62746163681999,0.442009039604454,0.395722794655557,0.0575314298576362,7337.33510329379,2894.39843385197,66.099927810591,353.193914418565,148.005664474767,281.359978157887,149.383009053613,7423.19768237021
milk,Comte - Morbier,Comte - Morbier,NA__Comte - Morbier,41,0.160051401845871,9.99095305332722e-05,q100,NA,NA,NA,NA,NA,NA,1.02063734206834,0.972177645142063,0.941412296256917,0.618624715237358,937.577690051355,2.33846645022283,0.941412296256917,0.528733925943567,0.523516779179814,0.0890336231708675,9012.03384261541,3449.43691103603,321.739932119543,776.682003923228,269.550811611826,813.39360039298,655.422286225402,12206.288357163
milk,Comte - Morbier,Comte - Morbier,NA__Comte - Morbier,41,0.160051401845871,9.99095305332722e-05,max,NA,NA,NA,NA,NA,NA,1.02063734206834,0.972177645142063,0.941412296256917,0.618624715237358,937.577690051355,2.33846645022283,0.941412296256917,0.528733925943567,0.523516779179814,0.0890336231708675,9012.03384261541,3449.43691103603,321.739932119543,776.682003923228,269.550811611826,813.39360039298,655.422286225402,12206.288357163
milk,Conventionnel,Conventionnel,NA__Comte - Morbier,73,0.141676468868359,5.89955901949094e-05,mean,NA,NA,NA,NA,NA,NA,0.953779949816959,0.652047545181572,0.373259242988751,0.0755076296831437,2168.00953981676,1.14043879032202,0.526508113855621,0.479110165164353,0.354890541780885,0.0532196180286005,6782.8735588699,3188.93352295965,83.5721494205162,323.414806111201,115.376627373931,237.657029231234,164.889004207396,6236.71553599654
milk,Conventionnel,Conventionnel,NA__Comte - Morbier,73,0.029556137716381,1.69627807472732e-05,sd,NA,NA,NA,NA,NA,NA,0.288571967688517,0.118832335632025,0.164809644936688,0.0959329177495398,1114.42067854755,0.377912932555065,0.128308546153688,0.105832318773181,0.105998071675796,0.0186865685092555,1510.68191133631,789.254554072204,89.0685193005137,215.852215510109,78.1263187635341,249.536503028121,180.41777816029,2957.58795262115
milk,Conventionnel,Conventionnel,NA__Comte - Morbier,73,0.0812741147526786,3.10137809868171e-05,q0,NA,NA,NA,NA,NA,NA,0.287861347996243,0.38295783174874,0,0.000592618669093685,312.890194808383,0.498547866464512,0.268591301219692,0.184623619637111,0.131185685178068,0.0131819945713564,2427.78904665314,1070.27047679579,0,9.20648115663408,0.679932278462218,6.27713267342719,0,452.674897119341
milk,Conventionnel,Conventionnel,NA__Comte - Morbier,73,0.121995098222554,4.74593189810623e-05,q25,NA,NA,NA,NA,NA,NA,0.780377135471087,0.576903950331255,0.256802918115556,0.0190998788219237,1600.52682875221,0.948692044103016,0.454048066280848,0.398850683270393,0.272797188102787,0.0395706121534351,5931.68107249956,2822.01008822816,45.3747445559041,178.249060976064,45.1765702247764,63.0721243107623,70.7757899569539,3994.19824124548
milk,Conventionnel,Conventionnel,NA__Comte - Morbier,73,0.135856066652197,5.54221158907185e-05,q50,NA,NA,NA,NA,NA,NA,0.893801489884398,0.65155881878113,0.372622788423258,0.0377162252227219,2181.96347075843,1.11881666266783,0.523815686603686,0.476665402570222,0.341865472268189,0.0526088996613599,6977.80402316367,3265.36275395196,55.1647906253309,234.42563890352,110.794915226347,161.971005016714,114.671380914534,6289.06981519507
milk,Conventionnel,Conventionnel,NA__Comte - Morbier,73,0.163625394457945,6.55807142492272e-05,q75,NA,NA,NA,NA,NA,NA,1.05408283564294,0.733355188149205,0.498220074434613,0.0906947016016867,2516.33009912112,1.28143170083569,0.620645548035722,0.544387303168132,0.431716474122269,0.0680295159922478,7699.69230769231,3694.7455362708,73.83625015298,421.662058946075,173.488403527556,326.142962610167,149.383009053613,7423.19768237021
milk,Conventionnel,Conventionnel,NA__Comte - Morbier,73,0.200978895072801,0.00010507524371932,q100,NA,NA,NA,NA,NA,NA,2.00582545281273,0.897741892065233,0.74592337251528,0.46888098745839,6485.18734569473,3.47389466130427,0.808682934883131,0.792658795490794,0.588001044099072,0.0896154374378595,9792.32094012765,5589.16620448393,321.739932119543,776.682003923228,269.550811611826,813.39360039298,655.422286225402,12206.288357163
milk,Conventionnel,Conventionnel,NA__Comte - Morbier,73,0.200978895072801,0.00010507524371932,max,NA,NA,NA,NA,NA,NA,2.00582545281273,0.897741892065233,0.74592337251528,0.46888098745839,6485.18734569473,3.47389466130427,0.808682934883131,0.792658795490794,0.588001044099072,0.0896154374378595,9792.32094012765,5589.16620448393,321.739932119543,776.682003923228,269.550811611826,813.39360039298,655.422286225402,12206.288357163
milk,Conventionnel,Conventionnel,NA__Fromages de Savoie,90,0.145506035061644,6.08838668496519e-05,mean,NA,NA,NA,NA,NA,NA,0.963754545447342,0.604316578616118,0.343834159485528,0.10120720757388,1950.16496010839,1.12775588387751,0.504951262140149,0.462252815363282,0.418192155297328,0.0614644379788276,6385.6985472365,2894.42062382582,92.9235570089444,322.189408833087,116.136489060787,238.137787761565,160.013097684342,5759.3997936565
milk,Conventionnel,Conventionnel,NA__Fromages de Savoie,90,0.0341208185211991,1.56240893223095e-05,sd,NA,NA,NA,NA,NA,NA,0.275051526772947,0.130424133803347,0.164655005149723,0.0841291069880993,913.202650536339,0.344868000918409,0.135834405595431,0.109310886852632,0.124463396299738,0.0222674055741255,1794.74509194342,919.944444223911,90.4489034250039,212.688571941829,80.2595238531566,250.190228268052,192.902423132254,2680.84189158432
milk,Conventionnel,Conventionnel,NA__Fromages de Savoie,90,0.0643592218476111,1.95629316388771e-05,q0,NA,NA,NA,NA,NA,NA,0.438538246120847,0.323520723755813,0,0.00648258521040471,659.089085838219,0.542927912345395,0.228751435367032,0.244178583367804,0.123845198819142,0.0157491055738914,1500,582.828164652816,0,17.5654164152148,0,13.1913100183296,0,798.481371889332
milk,Conventionnel,Conventionnel,NA__Fromages de Savoie,90,0.125180677313025,5.03857066880733e-05,q25,NA,NA,NA,NA,NA,NA,0.778730468156399,0.523641423975003,0.226772194215784,0.0412564522413404,1237.13529090923,0.86350671153272,0.418426502462893,0.38868334120922,0.322284307517843,0.0433045365304059,5121.11530172414,2251.44247016369,45.3747445559041,178.249060976064,41.7829164478909,66.9404223790673,53.9492911912879,3715.14144628292
milk,Conventionnel,Conventionnel,NA__Fromages de Savoie,90,0.146261014303268,6.16506765580301e-05,q50,NA,NA,NA,NA,NA,NA,0.936961087362926,0.604170127522046,0.334635759856763,0.0832699562525148,1708.84947441225,1.06730054917924,0.476910970137805,0.443778211069675,0.444825325213617,0.0651666018806346,6252.90927992996,2848.16312485756,58.5268122347731,235.230569138613,110.794915226347,161.686653345069,85.8321895723261,6159.07545887152
milk,Conventionnel,Conventionnel,NA__Fromages de Savoie,90,0.173249651534185,6.73005575462224e-05,q75,NA,NA,NA,NA,NA,NA,1.15831971655604,0.693014980296045,0.441357664465413,0.126083594722897,2560.79766399186,1.28414277500224,0.606127791720004,0.521759929240833,0.499967058601145,0.0750995156218032,7739.90936519916,3457.70804073668,81.8801157492343,372.229726165138,173.488403527556,288.603178369122,149.383009053613,7423.19768237021
milk,Conventionnel,Conventionnel,NA__Fromages de Savoie,90,0.215675565225083,0.00011670671838485,q100,NA,NA,NA,NA,NA,NA,1.84186514869,0.902734933590797,0.844495853862839,0.406075554657393,4564.70251207449,2.28030282157974,0.844495853862839,0.878053692575865,0.678596983722276,0.106573052979291,9834.61764705882,6155.41731831087,321.739932119543,776.682003923228,269.550811611826,813.39360039298,655.422286225402,12516.2761358475
milk,Conventionnel,Conventionnel,NA__Fromages de Savoie,90,0.215675565225083,0.00011670671838485,max,NA,NA,NA,NA,NA,NA,1.84186514869,0.902734933590797,0.844495853862839,0.406075554657393,4564.70251207449,2.28030282157974,0.844495853862839,0.878053692575865,0.678596983722276,0.106573052979291,9834.61764705882,6155.41731831087,321.739932119543,776.682003923228,269.550811611826,813.39360039298,655.422286225402,12516.2761358475
milk,Fromages de Savoie,Fromages de Savoie,NA__Fromages de Savoie,30,0.138817911630073,6.29922029748945e-05,mean,NA,NA,NA,NA,NA,NA,0.917899375850844,0.639952925334494,0.360226459063503,0.145405956302344,1051.26765520905,1.14563286746988,0.52524942318526,0.478055239848422,0.375113342113464,0.0572635387881356,6439.99726274548,2848.82237856367,87.2504217430084,339.41529511155,103.420072522023,270.688140535493,148.304815771396,5975.61383857743
milk,Fromages de Savoie,Fromages de Savoie,NA__Fromages de Savoie,30,0.0305825333761264,1.9268488478603e-05,sd,NA,NA,NA,NA,NA,NA,0.220854538465548,0.163566511120443,0.186352694685696,0.137524583552427,772.215182686531,0.254368784636062,0.155634705623717,0.173247795355814,0.132182392961516,0.0248538595245033,1733.27079938107,663.995399886585,92.3161577727545,223.183739988655,83.7353191571481,256.969724667137,200.599723563842,2762.48902501642
milk,Fromages de Savoie,Fromages de Savoie,NA__Fromages de Savoie,30,0.059096146122775,2.67490074390751e-05,q0,NA,NA,NA,NA,NA,NA,0.562478255903145,0.350906050289785,0.0973115526896172,0.0120644459749123,153.836715494576,0.642779699468913,0.259640054868561,0.243194077321457,0.0340689085507421,0.00247067220655574,1786.5046728972,1593.48311103244,0,12.2928933516259,0,6.97751098630903,0,1766.76562593607
milk,Fromages de Savoie,Fromages de Savoie,NA__Fromages de Savoie,30,0.127599057249631,4.84375996945287e-05,q25,NA,NA,NA,NA,NA,NA,0.763178229537995,0.51830846613414,0.241987417449592,0.0605834623723411,665.99793132893,0.973514777468995,0.43018772761404,0.341366283999913,0.323932354892923,0.0448439519425779,5395.43178571429,2376.88646868626,45.3747445559041,178.249060976064,34.553075951138,66.9404223790673,31.4064348852685,3899.30750843645
milk,Fromages de Savoie,Fromages de Savoie,NA__Fromages de Savoie,30,0.140265243641421,6.63834368083212e-05,q50,NA,NA,NA,NA,NA,NA,0.903249995714733,0.594098701999574,0.340405083063087,0.100310235177019,969.880086006802,1.10738657434268,0.486705869852051,0.400690890673187,0.401900896993686,0.0658886256434913,6614.24270790937,2817.67632548116,58.5268122347731,220.118644925824,92.9202681190301,172.667224687093,85.8321895723261,6226.3839047173
milk,Fromages de Savoie,Fromages de Savoie,NA__Fromages de Savoie,30,0.158499254571767,7.7278241730062e-05,q75,NA,NA,NA,NA,NA,NA,1.02721749969695,0.730529579311646,0.376943575887491,0.172204299769761,1256.23585381818,1.31054014423271,0.594984579542299,0.599792656586571,0.471166707667582,0.0747147371906643,7275.42006802721,3211.74975511166,76.0429883410408,446.506914107385,150.441814071274,413.914815162221,146.007575736412,7397.88299059461
milk,Fromages de Savoie,Fromages de Savoie,NA__Fromages de Savoie,30,0.198651143086167,0.00010623168678513,q100,NA,NA,NA,NA,NA,NA,1.55574297201084,0.985534550200686,0.965371396077737,0.489302430247729,3253.01995972611,1.7778465025183,0.965371396077737,0.891955747559431,0.604376726923234,0.0904748730503196,9708.10687022901,4366.85583287863,321.739932119543,776.682003923228,269.550811611826,813.39360039298,655.422286225402,15117.6470588235
milk,Fromages de Savoie,Fromages de Savoie,NA__Fromages de Savoie,30,0.198651143086167,0.00010623168678513,max,NA,NA,NA,NA,NA,NA,1.55574297201084,0.985534550200686,0.965371396077737,0.489302430247729,3253.01995972611,1.7778465025183,0.965371396077737,0.891955747559431,0.604376726923234,0.0904748730503196,9708.10687022901,4366.85583287863,321.739932119543,776.682003923228,269.550811611826,813.39360039298,655.422286225402,15117.6470588235
milk,Conventionnel,Conventionnel,NA__Munster,114,0.151520599169384,6.50153021120695e-05,mean,NA,NA,NA,NA,NA,NA,1.02785169202754,0.636272137032914,0.346617788092176,0.0392970067393899,2532.22509846721,1.0598791725719,0.476234182227361,0.460746489485645,0.389089559570931,0.0584154307295704,7063.46100279471,3193.1786267621,89.0650957589741,337.390863242446,131.351323521725,237.140565083906,174.195464338447,6283.53745308486
milk,Conventionnel,Conventionnel,NA__Munster,114,0.0264487570040852,1.60724157321662e-05,sd,NA,NA,NA,NA,NA,NA,0.344869714154383,0.1171808792904,0.147590857285013,0.0410749464193833,1084.62433147617,0.286614254525041,0.132094656684691,0.110174123446743,0.117734399310313,0.019738696835999,1441.21851237903,796.611468936335,89.8999018683256,222.739410094306,82.0989217470529,261.547685208185,181.34501525283,2978.55436737324
milk,Conventionnel,Conventionnel,NA__Munster,114,0.082077135345242,2.97599985650081e-05,q0,NA,NA,NA,NA,NA,NA,0.583572103274321,0.317906606207187,0.0333417736283413,0.000592618669093685,240.83195836891,0.408629509275964,0.174240750817461,0.256551986433512,0,0,2427.78904665314,1070.27047679579,0,9.20648115663408,0.83711319051506,6.27713267342719,10.1090252607199,452.674897119341
milk,Conventionnel,Conventionnel,NA__Munster,114,0.131638623203129,5.39363247739904e-05,q25,NA,NA,NA,NA,NA,NA,0.790884346372056,0.554219993772115,0.240605743633983,0.0106287379065539,1742.04371310252,0.883844151579778,0.379317240156496,0.394462726028937,0.307850954254523,0.0446703182922764,6121.44398849607,2660.37071032084,45.3747445559041,178.249060976064,68.0757706251733,53.6310420575139,85.8321895723261,3900.89651135448
milk,Conventionnel,Conventionnel,NA__Munster,114,0.152734011221723,6.43242556099438e-05,q50,NA,NA,NA,NA,NA,NA,0.964690417298471,0.637169055441627,0.333980785324807,0.0285744077936543,2559.46313873845,1.03662069654581,0.463296199985282,0.441604512448771,0.394167015665719,0.058526083545826,7146.76701169254,3082.57817230577,57.7936565803864,261.05482164473,120.075691335916,123.713914474095,123.827205588702,6413.48711259131
milk,Conventionnel,Conventionnel,NA__Munster,114,0.168263030164782,7.6722334674497e-05,q75,NA,NA,NA,NA,NA,NA,1.13152880972623,0.721795887501542,0.443375584081216,0.0480546562854831,3118.26560265261,1.26445691817248,0.569352998014799,0.517230435153028,0.479815406063266,0.0719783563051467,8138.02802802803,3734.20083247812,83.7435823685914,423.195554898465,173.488403527556,281.639309164093,149.383009053613,7423.19768237021
milk,Conventionnel,Conventionnel,NA__Munster,114,0.230064223011855,0.00011468162912941,q100,NA,NA,NA,NA,NA,NA,2.44720456379145,0.897741892065233,0.74592337251528,0.200331232357211,5655.83933808929,1.71358431012924,0.798578208715765,0.914814468052473,0.682097650607554,0.116500296478794,9844.1797752809,5888.6044180531,321.739932119543,776.682003923228,269.550811611826,813.39360039298,655.422286225402,15174.0475957301
milk,Conventionnel,Conventionnel,NA__Munster,114,0.230064223011855,0.00011468162912941,max,NA,NA,NA,NA,NA,NA,2.44720456379145,0.897741892065233,0.74592337251528,0.200331232357211,5655.83933808929,1.71358431012924,0.798578208715765,0.914814468052473,0.682097650607554,0.116500296478794,9844.1797752809,5888.6044180531,321.739932119543,776.682003923228,269.550811611826,813.39360039298,655.422286225402,15174.0475957301
milk,Munster,Munster,NA__Munster,38,0.159008823474085,6.56313788590428e-05,mean,NA,NA,NA,NA,NA,NA,1.08962964882584,0.608867281744511,0.314387162115773,0.0566544605792332,2695.21379881795,1.00664276922316,0.447977998914476,0.452728615040803,0.425213315514156,0.0648110385039017,6928.75442367171,3075.57858804256,103.720753228436,342.408811154237,127.189694863423,248.694676979682,164.385421517359,6258.3459978073
milk,Munster,Munster,NA__Munster,38,0.0338764505789183,1.4898425774439e-05,sd,NA,NA,NA,NA,NA,NA,0.375573143060172,0.135764946217768,0.147940461940296,0.0622612446656787,1065.5365864616,0.278622763992415,0.157260107145006,0.112510039751247,0.129868087074038,0.0235442298808973,1670.9730781754,811.731450143864,91.3764074994515,220.210643989849,84.3854238869559,261.449959366047,189.473551840785,2976.7978856061
milk,Munster,Munster,NA__Munster,38,0.0646484847797136,2.19599847875383e-05,q0,NA,NA,NA,NA,NA,NA,0.686703110443588,0.366971286277423,0.0844800267506943,0.00103666314144252,868.329284976026,0.461510530540971,0.234695976394548,0.281412110344972,0.0576471228507851,0.00128368030570926,1838.99408284024,543.126985778439,3.79239348012582,20.5912765131984,0,18.1234131786401,0,1000
milk,Munster,Munster,NA__Munster,38,0.144958996114706,5.41173910153927e-05,q25,NA,NA,NA,NA,NA,NA,0.856625810323602,0.525232883268283,0.205252522966991,0.0149972022170078,1809.50802314707,0.781865489562343,0.335770364345976,0.379181807582119,0.322817212997887,0.0539974245049651,6158.39369003432,2540.20585424368,51.7682699732025,178.249060976064,55.3226535417425,65.6524908869355,67.4329728075078,4000
milk,Munster,Munster,NA__Munster,38,0.163702584697064,6.59669062389825e-05,q50,NA,NA,NA,NA,NA,NA,0.960772246596687,0.56477490870803,0.278401482346319,0.037147372708791,2652.69382468213,1.04142995540965,0.398256545254514,0.424776445164288,0.466499750017589,0.0736004145120116,6832.85714285714,3145.7291967432,58.5268122347731,279.956370487616,110.794915226347,160.911099456904,101.708479146652,6413.48711259131
milk,Munster,Munster,NA__Munster,38,0.181373517894719,7.4373882993875e-05,q75,NA,NA,NA,NA,NA,NA,1.2867502481501,0.662908526945918,0.415445481645036,0.0672268555661081,3289.05172708459,1.16738243448213,0.522091803352209,0.509954135644178,0.508537493051016,0.0803633518908556,8232.72985789787,3374.20602529982,105.44698908797,401.307710703957,173.488403527556,318.077932515093,149.383009053613,7423.19768237021
milk,Munster,Munster,NA__Munster,38,0.232135673133719,9.88837592360766e-05,q100,NA,NA,NA,NA,NA,NA,2.16679779511819,0.99248422636911,0.659103427844342,0.25147806043683,4605.23179436606,1.45623339226472,0.889132284578851,0.768877172252544,0.663584998692989,0.108120139411101,9789.84615384615,5070.37410558956,321.739932119543,776.682003923228,269.550811611826,813.39360039298,655.422286225402,15174.0475957301
milk,Munster,Munster,NA__Munster,38,0.232135673133719,9.88837592360766e-05,max,NA,NA,NA,NA,NA,NA,2.16679779511819,0.99248422636911,0.659103427844342,0.25147806043683,4605.23179436606,1.45623339226472,0.889132284578851,0.768877172252544,0.663584998692989,0.108120139411101,9789.84615384615,5070.37410558956,321.739932119543,776.682003923228,269.550811611826,813.39360039298,655.422286225402,15174.0475957301
crop,Triticale,AB,Triticale__AB,32,0.110357070562141,3.85897274700197e-05,mean,53.1300435953723,228.015141157098,0,229.508641991039,3.03030672286274,3385.66048780871,NA,NA,NA,NA,NA,NA,NA,NA,NA,NA,NA,NA,NA,NA,NA,NA,NA,NA
crop,Triticale,AB,Triticale__AB,32,0.0431548601185603,2.5704468560973e-05,sd,50.8307836791171,219.22415117463,0,223.008873715136,9.4222561849856,1312.14494458608,NA,NA,NA,NA,NA,NA,NA,NA,NA,NA,NA,NA,NA,NA,NA,NA,NA,NA
crop,Triticale,AB,Triticale__AB,32,0.0576495683229472,1.67711138987746e-05,q0,0,45.5863840387558,0,45.5863840387558,0,1028.57142857143,NA,NA,NA,NA,NA,NA,NA,NA,NA,NA,NA,NA,NA,NA,NA,NA,NA,NA
crop,Triticale,AB,Triticale__AB,32,0.082062890158919,2.18716361610369e-05,q25,21.4424334476329,65.179781387556,0,65.179781387556,0,2594.69696969697,NA,NA,NA,NA,NA,NA,NA,NA,NA,NA,NA,NA,NA,NA,NA,NA,NA,NA
crop,Triticale,AB,Triticale__AB,32,0.100621607045965,3.07463008072188e-05,q50,38.3615684069916,165.005497462599,0,165.005497462599,0,3195.88502834376,NA,NA,NA,NA,NA,NA,NA,NA,NA,NA,NA,NA,NA,NA,NA,NA,NA,NA
crop,Triticale,AB,Triticale__AB,32,0.133910034484889,3.8037697948565e-05,q75,65.5839676095299,253.469777526775,0,253.469777526775,2.62164873875859,4694.83951739175,NA,NA,NA,NA,NA,NA,NA,NA,NA,NA,NA,NA,NA,NA,NA,NA,NA,NA
crop,Triticale,AB,Triticale__AB,32,0.238235870486259,0.00014194901313946,q100,216.984643179765,759.640919231174,0,783.536932574232,52.3093075643589,6060.34482758621,NA,NA,NA,NA,NA,NA,NA,NA,NA,NA,NA,NA,NA,NA,NA,NA,NA,NA
crop,Triticale,AB,Triticale__AB,32,0.238235870486259,0.00014194901313946,max,216.984643179765,759.640919231174,0,783.536932574232,52.3093075643589,6060.34482758621,NA,NA,NA,NA,NA,NA,NA,NA,NA,NA,NA,NA,NA,NA,NA,NA,NA,NA
crop,Triticale,Conventionnel,Triticale__AB,90,0.200993102083569,4.50986720236243e-05,mean,44.0598783380124,288.021471689051,96.4050351517046,191.431956257911,76.7030580886402,4987.45932482937,NA,NA,NA,NA,NA,NA,NA,NA,NA,NA,NA,NA,NA,NA,NA,NA,NA,NA
crop,Triticale,Conventionnel,Triticale__AB,90,0.0769879049335722,2.55657542048494e-05,sd,53.6490128011354,122.085772664231,57.7107126603609,117.062330633056,53.7604622792821,1612.95569390161,NA,NA,NA,NA,NA,NA,NA,NA,NA,NA,NA,NA,NA,NA,NA,NA,NA,NA
crop,Triticale,Conventionnel,Triticale__AB,90,0.079829193546462,1.36824482904287e-05,q0,0,109.415381586201,0,45.2921143980481,0,1185.18518518519,NA,NA,NA,NA,NA,NA,NA,NA,NA,NA,NA,NA,NA,NA,NA,NA,NA,NA
crop,Triticale,Conventionnel,Triticale__AB,90,0.152360811733324,2.78579953623489e-05,q25,6.62566658526685,218.323106393056,50.829479511367,134.586273051131,34.2509320065942,3937.19850241198,NA,NA,NA,NA,NA,NA,NA,NA,NA,NA,NA,NA,NA,NA,NA,NA,NA,NA
crop,Triticale,Conventionnel,Triticale__AB,90,0.181027556031462,3.99365027656311e-05,q50,26.3127651445353,260.926360201661,93.5280315743946,175.768768354281,65.3127049353803,4997.69159741459,NA,NA,NA,NA,NA,NA,NA,NA,NA,NA,NA,NA,NA,NA,NA,NA,NA,NA
crop,Triticale,Conventionnel,Triticale__AB,90,0.233263288156346,5.09319598590638e-05,q75,63.5431201299244,340.692292565215,132.672026947356,220.806922244633,117.014433102176,6176.33676385813,NA,NA,NA,NA,NA,NA,NA,NA,NA,NA,NA,NA,NA,NA,NA,NA,NA,NA
crop,Triticale,Conventionnel,Triticale__AB,90,0.466970816481069,0.00017353891799488,q100,246.166070798635,759.640919231174,269.352906450692,783.536932574232,247.586729594868,8988.76404494382,NA,NA,NA,NA,NA,NA,NA,NA,NA,NA,NA,NA,NA,NA,NA,NA,NA,NA
crop,Triticale,Conventionnel,Triticale__AB,90,0.466970816481069,0.00017353891799488,max,246.166070798635,759.640919231174,269.352906450692,783.536932574232,247.586729594868,8988.76404494382,NA,NA,NA,NA,NA,NA,NA,NA,NA,NA,NA,NA,NA,NA,NA,NA,NA,NA
