<?xml version="1.0" encoding="UTF-8"?>
<!DOCTYPE manifest PUBLIC "-//MECA//DTD Manifest v1.0//en" "MECA_manifest.dtd">
<manifest manifest-version="1" xmlns="https://manuscriptexchange.org/schema/manifest" xmlns:xlink="http://www.w3.org/1999/xlink">
  <item item-type="article-metadata">
    <instance media-type="text/xml" xlink:href="index.xml"/>
  </item>
  <item item-type="manuscript">
    <instance media-type="application/vnd.openxmlformats-officedocument.wordprocessingml.document" xlink:href="index.docx"/>
  </item>
  <item item-type="manuscript-supporting-file">
    <instance media-type="image/png" xlink:href="images\\fig_diagram_simpl.png"/>
  </item>
  <item item-type="manuscript-supporting-file">
    <instance media-type="image/jpeg" xlink:href="images\\fig_results_BVIAS_ha.jpg"/>
  </item>
  <item item-type="manuscript-supporting-file">
    <instance media-type="image/jpeg" xlink:href="images\\fig_results_BVIAS_t.jpg"/>
  </item>
  <item item-type="manuscript-supporting-file">
    <instance media-type="image/jpeg" xlink:href="images\\stat_desc_inputs_arable.jpg"/>
  </item>
  <item item-type="manuscript-supporting-file">
    <instance media-type="image/jpeg" xlink:href="images\\stat_desc_inputs_grassland.jpg"/>
  </item>
  <item item-type="manuscript-supporting-file">
    <instance media-type="image/jpeg" xlink:href="images\\MSE_distance_table.jpg"/>
  </item>
  <item item-type="manuscript-supporting-file">
    <instance media-type="image/jpeg" xlink:href="images\\table_effect_size.jpg"/>
  </item>
  <item item-type="manuscript-supporting-file">
    <instance media-type="application/pdf" xlink:href="images\\table_practice_crops.pdf"/>
  </item>
  <item item-type="manuscript-supporting-file">
    <instance media-type="application/pdf" xlink:href="images\\table_practice_dairy_herd.pdf"/>
  </item>
  <item item-type="manuscript-supporting-file">
    <instance media-type="application/pdf" xlink:href="images\\table_practice_dairy_feed.pdf"/>
  </item>
  <item item-type="manuscript-supporting-file">
    <instance media-type="image/jpeg" xlink:href="images\\fig_BVC_functions_init.jpg"/>
  </item>
  <item item-type="manuscript-supporting-file">
    <instance media-type="image/jpeg" xlink:href="images\\fig_BVC_functions_optim.jpg"/>
  </item>
  <item item-type="manuscript-supporting-file">
    <instance media-type="application/octet-stream" xlink:href="index.qmd"/>
  </item>
  <item item-type="manuscript-supporting-file">
    <instance media-type="application/octet-stream" xlink:href="annex.qmd"/>
  </item>
  <item item-type="manuscript-supporting-file">
    <instance media-type="application/octet-stream" xlink:href="visuals.qmd"/>
  </item>
  <item item-type="article-source">
    <instance media-type="application/octet-stream" xlink:href="source\\annex.qmd"/>
  </item>
  <item item-type="article-source">
    <instance media-type="application/vnd.openxmlformats-officedocument.wordprocessingml.document" xlink:href="source\\custom-reference-doc.docx"/>
  </item>
  <item item-type="article-source">
    <instance media-type="application/octet-stream" xlink:href="source\\ecological-economics.csl"/>
  </item>
  <item item-type="article-source">
    <instance media-type="application/octet-stream" xlink:href="source\\huet_estimating_2025.Rproj"/>
  </item>
  <item item-type="article-source">
    <instance media-type="image/jpeg" xlink:href="source\\images\\fig_BVC_functions_init.jpg"/>
  </item>
  <item item-type="article-source">
    <instance media-type="image/jpeg" xlink:href="source\\images\\fig_BVC_functions_optim.jpg"/>
  </item>
  <item item-type="article-source">
    <instance media-type="image/png" xlink:href="source\\images\\fig_diagram_simpl.png"/>
  </item>
  <item item-type="article-source">
    <instance media-type="image/jpeg" xlink:href="source\\images\\fig_results_BVIAS_ha.jpg"/>
  </item>
  <item item-type="article-source">
    <instance media-type="image/jpeg" xlink:href="source\\images\\fig_results_BVIAS_t.jpg"/>
  </item>
  <item item-type="article-source">
    <instance media-type="image/jpeg" xlink:href="source\\images\\MSE_distance_table.jpg"/>
  </item>
  <item item-type="article-source">
    <instance media-type="image/jpeg" xlink:href="source\\images\\stat_desc_inputs_arable.jpg"/>
  </item>
  <item item-type="article-source">
    <instance media-type="image/jpeg" xlink:href="source\\images\\stat_desc_inputs_grassland.jpg"/>
  </item>
  <item item-type="article-source">
    <instance media-type="image/jpeg" xlink:href="source\\images\\stat_desc_OTEX.jpg"/>
  </item>
  <item item-type="article-source">
    <instance media-type="image/jpeg" xlink:href="source\\images\\table_effect_size.jpg"/>
  </item>
  <item item-type="article-source">
    <instance media-type="application/pdf" xlink:href="source\\images\\table_practice_crops.pdf"/>
  </item>
  <item item-type="article-source">
    <instance media-type="application/pdf" xlink:href="source\\images\\table_practice_dairy_feed.pdf"/>
  </item>
  <item item-type="article-source">
    <instance media-type="application/pdf" xlink:href="source\\images\\table_practice_dairy_herd.pdf"/>
  </item>
  <item item-type="article-source">
    <instance media-type="application/octet-stream" xlink:href="source\\index.qmd"/>
  </item>
  <item item-type="article-source">
    <instance media-type="application/octet-stream" xlink:href="source\\old\\annex_240917.qmd"/>
  </item>
  <item item-type="article-source">
    <instance media-type="application/octet-stream" xlink:href="source\\old\\index_241004.qmd"/>
  </item>
  <item item-type="article-source">
    <instance media-type="application/x-ipynb+json" xlink:href="source\\old\\SM_BVIAS_v240829.embed.ipynb"/>
  </item>
  <item item-type="article-source">
    <instance media-type="application/octet-stream" xlink:href="source\\old\\SM_BVIAS_v240829.qmd"/>
  </item>
  <item item-type="article-source">
    <instance media-type="application/vnd.openxmlformats-officedocument.wordprocessingml.document" xlink:href="source\\old\\WP_BVIAS_v240826.docx"/>
  </item>
  <item item-type="article-source">
    <instance media-type="application/octet-stream" xlink:href="source\\old\\WP_BVIAS_v240826.qmd"/>
  </item>
  <item item-type="article-source">
    <instance media-type="application/vnd.openxmlformats-officedocument.wordprocessingml.document" xlink:href="source\\old\\WP_BVIAS_v240829.docx"/>
  </item>
  <item item-type="article-source">
    <instance media-type="application/octet-stream" xlink:href="source\\old\\WP_BVIAS_v240829.qmd"/>
  </item>
  <item item-type="article-source">
    <instance media-type="application/vnd.openxmlformats-officedocument.wordprocessingml.document" xlink:href="source\\old\\WP_BVIAS_v240903.docx"/>
  </item>
  <item item-type="article-source">
    <instance media-type="application/octet-stream" xlink:href="source\\old\\WP_BVIAS_v240903.qmd"/>
  </item>
  <item item-type="article-source">
    <instance media-type="application/octet-stream" xlink:href="source\\old\\WP_BVIAS_v240911.qmd"/>
  </item>
  <item item-type="article-source">
    <instance media-type="application/vnd.openxmlformats-officedocument.wordprocessingml.document" xlink:href="source\\old\\WP_BVIAS_v240916.docx"/>
  </item>
  <item item-type="article-source">
    <instance media-type="application/octet-stream" xlink:href="source\\old\\WP_BVIAS_v240916.qmd"/>
  </item>
  <item item-type="article-source">
    <instance media-type="application/octet-stream" xlink:href="source\\references.bib"/>
  </item>
  <item item-type="article-source">
    <instance media-type="image/svg+xml" xlink:href="source\\tmp_plot_practices_paired_t_test_herd.svg"/>
  </item>
  <item item-type="article-source">
    <instance media-type="application/x-ipynb+json" xlink:href="source\\visuals.embed.ipynb"/>
  </item>
  <item item-type="article-source">
    <instance media-type="application/octet-stream" xlink:href="source\\visuals.qmd"/>
  </item>
  <item item-type="article-source">
    <instance media-type="application/octet-stream" xlink:href="source\\_extensions\\jmgirard\\embedpdf\\embedpdf.lua"/>
  </item>
  <item item-type="article-source">
    <instance media-type="application/octet-stream" xlink:href="source\\_extensions\\jmgirard\\embedpdf\\_extension.yml"/>
  </item>
  <item item-type="article-source">
    <instance media-type="application/json" xlink:href="source\\_freeze\\annex\\execute-results\\html.json"/>
  </item>
  <item item-type="article-source">
    <instance media-type="application/json" xlink:href="source\\_freeze\\annex\\execute-results\\ipynb.json"/>
  </item>
  <item item-type="article-source">
    <instance media-type="application/json" xlink:href="source\\_freeze\\annex\\execute-results\\xml.json"/>
  </item>
  <item item-type="article-source">
    <instance media-type="application/json" xlink:href="source\\_freeze\\index\\execute-results\\docx.json"/>
  </item>
  <item item-type="article-source">
    <instance media-type="application/json" xlink:href="source\\_freeze\\index\\execute-results\\html.json"/>
  </item>
  <item item-type="article-source">
    <instance media-type="application/json" xlink:href="source\\_freeze\\index\\execute-results\\xml.json"/>
  </item>
  <item item-type="article-source">
    <instance media-type="image/png" xlink:href="source\\_freeze\\index\\figure-html\\BVIAS_ha-1.png"/>
  </item>
  <item item-type="article-source">
    <instance media-type="image/png" xlink:href="source\\_freeze\\index\\figure-html\\BVIAS_t-1.png"/>
  </item>
  <item item-type="article-source">
    <instance media-type="text/css" xlink:href="source\\_freeze\\site_libs\\bootstrap\\bootstrap-icons.css"/>
  </item>
  <item item-type="article-source">
    <instance media-type="application/font-woff" xlink:href="source\\_freeze\\site_libs\\bootstrap\\bootstrap-icons.woff"/>
  </item>
  <item item-type="article-source">
    <instance media-type="text/css" xlink:href="source\\_freeze\\site_libs\\bootstrap\\bootstrap.min.css"/>
  </item>
  <item item-type="article-source">
    <instance media-type="application/javascript" xlink:href="source\\_freeze\\site_libs\\bootstrap\\bootstrap.min.js"/>
  </item>
  <item item-type="article-source">
    <instance media-type="application/javascript" xlink:href="source\\_freeze\\site_libs\\clipboard\\clipboard.min.js"/>
  </item>
  <item item-type="article-source">
    <instance media-type="application/javascript" xlink:href="source\\_freeze\\site_libs\\manuscript-notebook\\headroom.min.js"/>
  </item>
  <item item-type="article-source">
    <instance media-type="text/css" xlink:href="source\\_freeze\\site_libs\\quarto-contrib\\glightbox\\glightbox.min.css"/>
  </item>
  <item item-type="article-source">
    <instance media-type="application/javascript" xlink:href="source\\_freeze\\site_libs\\quarto-contrib\\glightbox\\glightbox.min.js"/>
  </item>
  <item item-type="article-source">
    <instance media-type="text/css" xlink:href="source\\_freeze\\site_libs\\quarto-contrib\\glightbox\\lightbox.css"/>
  </item>
  <item item-type="article-source">
    <instance media-type="application/javascript" xlink:href="source\\_freeze\\site_libs\\quarto-html\\anchor.min.js"/>
  </item>
  <item item-type="article-source">
    <instance media-type="application/javascript" xlink:href="source\\_freeze\\site_libs\\quarto-html\\popper.min.js"/>
  </item>
  <item item-type="article-source">
    <instance media-type="text/css" xlink:href="source\\_freeze\\site_libs\\quarto-html\\quarto-syntax-highlighting.css"/>
  </item>
  <item item-type="article-source">
    <instance media-type="application/javascript" xlink:href="source\\_freeze\\site_libs\\quarto-html\\quarto.js"/>
  </item>
  <item item-type="article-source">
    <instance media-type="text/css" xlink:href="source\\_freeze\\site_libs\\quarto-html\\tippy.css"/>
  </item>
  <item item-type="article-source">
    <instance media-type="application/javascript" xlink:href="source\\_freeze\\site_libs\\quarto-html\\tippy.umd.min.js"/>
  </item>
  <item item-type="article-source">
    <instance media-type="application/json" xlink:href="source\\_freeze\\visuals\\execute-results\\html.json"/>
  </item>
  <item item-type="article-source">
    <instance media-type="application/json" xlink:href="source\\_freeze\\visuals\\execute-results\\ipynb.json"/>
  </item>
  <item item-type="article-source">
    <instance media-type="application/octet-stream" xlink:href="source\\_quarto.yml"/>
  </item>
  <item item-type="article-source-directory">
    <instance media-type="application/x-directory" xlink:href="source"/>
  </item>
</manifest>